Date,Mkt-RF,SMB,HML,RMW,CMA,RF
196307,-0.39,-0.47,-0.83,0.66,-1.15,0.27
196308,5.07,-0.79,1.67,0.39,-0.4,0.25
196309,-1.57,-0.48,0.18,-0.76,0.24,0.27
196310,2.53,-1.29,-0.1,2.75,-2.24,0.29
196311,-0.85,-0.84,1.71,-0.45,2.22,0.27
196312,1.83,-1.89,-0.12,0.08,-0.3,0.29
196401,2.24,0.08,1.59,0.22,1.5,0.3
196402,1.54,0.32,2.83,0.06,0.85,0.26
196403,1.41,1.41,3.32,-2.01,2.93,0.31
196404,0.1,-1.52,-0.55,-1.35,-1.08,0.29
196405,1.42,-0.68,1.98,-0.26,0.24,0.26
196406,1.27,0.09,0.68,-0.42,0.14,0.3
196407,1.74,0.53,0.68,0.14,1.84,0.3
196408,-1.44,0.3,0.09,0.06,0.36,0.28
196409,2.69,-0.31,1.65,-0.48,0.58,0.28
196410,0.59,0.88,1.14,-0.29,0.48,0.29
196411,0,-0.27,-1.98,0.6,-0.16,0.29
196412,0.03,-0.58,-2.55,1.13,-1.63,0.31
196501,3.54,2.49,0.18,0.84,0.11,0.28
196502,0.44,3.31,0.22,0.4,-0.69,0.3
196503,-1.34,2.03,1.09,-0.3,0.73,0.36
196504,3.11,1.18,0.71,0.26,-2.3,0.31
196505,-0.77,0.06,-1.63,-0.37,0.7,0.31
196506,-5.51,-4.3,0.55,0.12,0.41,0.35
196507,1.43,1.07,2.18,-1.41,-0.02,0.31
196508,2.73,2.72,-0.96,2.06,-0.76,0.33
196509,2.86,0.62,-0.1,-0.82,0.82,0.31
196510,2.6,3.42,1.52,1.22,-0.76,0.31
196511,-0.03,5.19,0.21,-1.06,-0.9,0.35
196512,1.01,2.64,1.95,-1.28,-0.45,0.33
196601,0.72,4.72,3.49,-2.83,-0.07,0.38
196602,-1.21,4.86,0.27,-0.15,-1.44,0.35
196603,-2.51,0.22,-2.07,1.3,-0.01,0.38
196604,2.14,3.36,-0.54,0.41,-0.91,0.34
196605,-5.66,-5.18,-1.55,1.66,-1.52,0.41
196606,-1.44,1.34,0.5,0.06,0.8,0.38
196607,-1.63,-0.5,0.96,-0.45,1.77,0.35
196608,-7.91,-3.03,0.47,0.05,0.77,0.41
196609,-1.06,-1.18,0.53,-1.65,2.5,0.4
196610,3.86,-6.53,2.87,-3.64,4.28,0.45
196611,1.4,3.37,-4.46,4.17,-6.53,0.4
196612,0.13,1.91,-1.22,0.68,-0.13,0.4
196701,8.15,9,2.22,0.62,-2.97,0.43
196702,0.78,3.03,-2.17,1.94,-0.94,0.36
196703,3.99,1.9,0.31,0.9,-1.51,0.39
196704,3.89,0.46,-2.64,2.43,-3.75,0.32
196705,-4.33,2.37,0.8,-1.75,1.61,0.33
196706,2.41,6.46,0.96,-0.64,-2.39,0.27
196707,4.58,3.48,2.65,0.51,2.72,0.31
196708,-0.89,0.76,1.46,0.42,1.41,0.31
196709,3.11,2.46,-2.47,0.22,-0.95,0.32
196710,-3.09,0.47,-3.39,0.81,-2.55,0.39
196711,0.37,-0.06,-1.71,1.29,-2.29,0.36
196712,3.05,5.75,-0.39,-0.65,0.03,0.33
196801,-4.06,4.49,4.75,-4.58,6.45,0.4
196802,-3.75,-2.91,1.17,-0.14,2.49,0.39
196803,0.2,-1.52,-0.59,1.17,-1.15,0.38
196804,9.05,6.25,-1.03,2.79,-3.66,0.43
196805,2.28,7.04,0.84,0.39,-1.82,0.45
196806,0.69,-0.26,0.67,-1.33,2.68,0.43
196807,-2.72,-1.33,5.48,-3,3.61,0.48
196808,1.34,2.29,1,-0.6,0.4,0.42
196809,4.03,2.77,0.24,-2.03,0.92,0.43
196810,0.42,-0.43,2.89,-1.3,2.81,0.44
196811,5.43,2.41,-0.9,0.46,-2.52,0.42
196812,-3.94,3.6,0.02,-1.78,1.65,0.43
196901,-1.25,-0.46,1.69,-1.54,1.41,0.53
196902,-5.84,-4.12,0.9,2.17,0.8,0.46
196903,2.64,-0.41,-0.46,-1.34,-0.42,0.46
196904,1.46,-0.83,0.03,0.38,0.06,0.53
196905,-0.1,-0.18,0.73,-0.97,1.49,0.48
196906,-7.18,-5.49,-1.09,4.26,-1.55,0.51
196907,-7,-3.37,1.42,1.4,1.97,0.53
196908,4.68,0.71,-3.87,1.16,-4.08,0.5
196909,-2.98,1.29,-3.19,3.42,-0.83,0.62
196910,5.06,3.89,-3.19,0.01,-2.03,0.6
196911,-3.79,-2.41,-1.12,1.44,0.32,0.52
196912,-2.63,-3.7,-3.02,2.47,-2.04,0.64
197001,-8.1,3.09,3.04,-1.77,3.92,0.6
197002,5.13,-2.58,4.04,-2.28,3.06,0.62
197003,-1.06,-2.4,4.25,-0.87,4.43,0.57
197004,-11,-6.3,6.39,-0.64,5.88,0.5
197005,-6.92,-4.42,3.6,-1.3,3.62,0.53
197006,-5.79,-2.17,0.87,0.19,2.9,0.58
197007,6.93,-0.69,0.96,-0.07,1.9,0.52
197008,4.49,1.54,1.03,0.57,-0.15,0.53
197009,4.18,8.49,-5.58,0.24,-5.93,0.54
197010,-2.28,-4.5,0.27,1.83,2.38,0.46
197011,4.59,-4,1.63,1.75,1.59,0.46
197012,5.72,3.02,1.01,0.14,0.28,0.42
197101,4.84,7.54,1.38,-2.19,-0.14,0.38
197102,1.41,2.05,-1.29,0.65,-0.72,0.33
197103,4.13,2.15,-4.04,1.97,-2.69,0.3
197104,3.15,-0.37,0.72,-1.56,0.72,0.28
197105,-3.98,-1.17,-1.38,1.46,0.3,0.29
197106,-0.1,-1.45,-2.06,1.52,-1.74,0.37
197107,-4.5,-1.41,0.17,0.48,1.62,0.4
197108,3.79,-0.18,2.67,-0.34,2.6,0.47
197109,-0.85,0.19,-2.96,2.59,-1.56,0.37
197110,-4.42,-1.65,-0.43,1.48,-1.24,0.37
197111,-0.46,-2.9,-1.7,2.45,-0.36,0.37
197112,8.71,3.27,-0.35,-0.43,-1.83,0.37
197201,2.49,6.33,1.99,-1.48,0.29,0.29
197202,2.87,0.96,-2.76,1.65,-0.52,0.25
197203,0.63,-0.49,-1.73,1.58,-0.19,0.27
197204,0.29,0.15,0.23,-0.59,-0.89,0.29
197205,1.25,-3.15,-2.69,2.33,-1.85,0.3
197206,-2.43,-0.35,-2.51,1.75,-0.36,0.29
197207,-0.8,-2.74,0.78,1.08,-0.59,0.31
197208,3.26,-3.53,4.69,-2.02,2.95,0.29
197209,-1.14,-2.25,0.47,1.67,-1.98,0.34
197210,0.52,-2.53,1.37,-0.12,-0.05,0.4
197211,4.6,-0.53,4.76,-1.98,3.35,0.37
197212,0.62,-1.82,-2.27,2.6,-2.2,0.37
197301,-3.29,-2.79,2.68,0.4,0.92,0.44
197302,-4.85,-4.01,1.7,-0.34,-0.01,0.41
197303,-1.3,-2.31,2.78,-1.07,0.73,0.46
197304,-5.68,-3,5.69,-1.63,2.71,0.52
197305,-2.94,-5.98,0.21,2.02,-1.79,0.51
197306,-1.56,-2.54,1.44,-0.27,0.22,0.51
197307,5.05,7.25,-5.31,-0.1,-3.45,0.64
197308,-3.82,-1.75,1.14,-1.36,1.2,0.7
197309,4.75,3.54,2.18,-2.3,1.82,0.68
197310,-0.83,-0.26,1.74,-1.94,2.59,0.65
197311,-12.75,-7.25,4.04,-2.71,1.49,0.56
197312,0.61,-4.6,4.09,-2.8,2.3,0.64
197401,-0.17,10.41,5.99,-3.01,4.47,0.63
197402,-0.47,0.16,2.54,-1.93,2.67,0.58
197403,-2.81,2.64,-0.11,2.82,0.36,0.56
197404,-5.29,-0.63,1.06,2.86,1.85,0.75
197405,-4.68,-3.17,-2.04,5.08,0,0.75
197406,-2.83,-0.02,0.79,0.62,3.06,0.6
197407,-8.05,1.99,5.14,-3.26,4.58,0.7
197408,-9.35,0.3,2.5,-0.26,2.55,0.6
197409,-11.77,1.46,5.49,-4.28,5.91,0.81
197410,16.1,-6.85,-9.99,-0.03,-2.94,0.51
197411,-4.51,-1.44,-0.16,-3.39,2.95,0.54
197412,-3.45,-4.36,0,-0.65,3.23,0.7
197501,13.66,12.79,8.44,-0.89,-0.86,0.58
197502,5.56,-0.65,-4.56,1.15,-2.14,0.43
197503,2.66,3.98,2.49,1.23,-1.25,0.41
197504,4.23,-0.59,-1.11,1.37,-1.35,0.44
197505,5.19,2.89,-4.02,-1.05,-0.61,0.44
197506,4.83,1.32,1.32,-2.62,1.06,0.41
197507,-6.59,3.42,1.7,0.43,1.19,0.48
197508,-2.85,-2.79,-0.9,1.03,-0.89,0.48
197509,-4.26,0.02,0.34,0.53,0.5,0.53
197510,5.31,-4.23,0.3,-0.46,2.27,0.56
197511,2.64,-1.07,1.99,-0.62,1.71,0.41
197512,-1.6,-0.03,1.76,-0.12,0.6,0.48
197601,12.16,6.35,8.58,-1.9,2.36,0.47
197602,0.32,7.97,5.78,-2.58,3.84,0.34
197603,2.32,-1.34,-0.04,-0.38,1.09,0.4
197604,-1.49,0.14,-0.06,0.39,-1.1,0.42
197605,-1.34,-1.12,-1.32,2.47,-1.42,0.37
197606,4.05,-1.13,0.68,-0.59,0.93,0.43
197607,-1.07,0.62,1.74,-1.09,0.29,0.47
197608,-0.56,-2.03,0.79,-0.46,-0.59,0.42
197609,2.07,0.12,-0.29,0.99,-1.14,0.44
197610,-2.42,0.16,-0.13,-0.22,-0.31,0.41
197611,0.36,2.65,1.51,-1.39,0.08,0.4
197612,5.65,3.61,2.22,-0.62,2.23,0.4
197701,-4.05,5.9,4.26,-0.53,1.93,0.36
197702,-1.94,1.11,0.5,-0.13,-0.19,0.35
197703,-1.37,1.29,1.02,-0.32,-0.09,0.38
197704,0.15,0.59,3.45,-2.03,1.16,0.38
197705,-1.45,1.28,0.84,0.33,0.11,0.37
197706,4.71,2.07,-0.64,0.88,-1.22,0.4
197707,-1.69,1.82,-0.59,0.83,0.01,0.42
197708,-1.75,0.89,-2.79,0.96,-0.62,0.44
197709,-0.27,1.56,-0.49,1.23,-0.84,0.43
197710,-4.38,1.5,1.72,-0.3,-0.46,0.49
197711,4,3.62,0.31,-0.05,0.65,0.5
197712,0.27,1.6,-0.37,0.94,-0.65,0.49
197801,-6.01,2.69,3.31,-1.67,1.53,0.49
197802,-1.38,3.67,0.76,0.36,1.04,0.46
197803,2.85,3.72,1.2,-0.6,1.88,0.53
197804,7.88,-0.31,-3.54,2.82,-1.35,0.54
197805,1.76,4.56,-0.62,0.27,0.36,0.51
197806,-1.69,1.59,0.59,-1.44,-0.02,0.54
197807,5.11,0.15,-1.11,1.58,-0.78,0.56
197808,3.75,4.93,-0.46,1.39,0.42,0.56
197809,-1.43,-0.28,1.87,-0.68,1.8,0.62
197810,-11.91,-10.05,1.36,0.17,1.03,0.68
197811,2.71,2.85,-2.22,1.09,-1.21,0.7
197812,0.88,1.07,-2.19,1.96,-1.38,0.78
197901,4.23,3.84,2.27,-2.5,1.57,0.77
197902,-3.56,0.55,1.2,-1.14,1.04,0.73
197903,5.68,3.16,-0.67,0.62,0.28,0.81
197904,-0.06,2.4,1.05,1.05,0.21,0.8
197905,-2.21,0.5,1.92,-0.88,-0.84,0.82
197906,3.85,0.99,1.48,-1.61,-0.45,0.81
197907,0.82,1.24,1.7,-0.2,0.59,0.77
197908,5.53,1.97,-1.55,1.58,-1.45,0.77
197909,-0.82,-0.27,-0.87,1.02,0.54,0.83
197910,-8.1,-3.46,-1.86,1.04,0.24,0.87
197911,5.21,2.44,-3.25,0.11,-2,0.99
197912,1.79,4.34,-1.98,-0.67,-1.01,0.95
198001,5.51,1.9,1.8,-1.67,2.01,0.8
198002,-1.22,-1.49,0.62,0.11,3.04,0.89
198003,-12.9,-6.97,-1.06,1.38,-1.34,1.21
198004,3.97,1,1.06,-2.09,0.54,1.26
198005,5.26,2.1,0.39,0.31,-0.47,0.81
198006,3.06,1.47,-0.89,-0.09,-0.95,0.61
198007,6.49,3.93,-6.3,3.94,-2.46,0.53
198008,1.8,4.26,-2.64,2.1,-0.8,0.64
198009,2.19,0.58,-4.79,2.03,-2.81,0.75
198010,1.06,2.33,-2.74,1.67,-1.22,0.95
198011,9.59,-3.4,-8.35,4.53,-5.74,0.96
198012,-4.52,-0.31,2.68,-1.25,1.18,1.31
198101,-5.04,3.37,6.84,-3.54,4.35,1.04
198102,0.57,-0.49,0.97,0.19,2.25,1.07
198103,3.56,3.08,0.67,-2.34,-0.53,1.21
198104,-2.11,4.6,2.26,0.82,1.2,1.08
198105,0.11,2.45,-0.43,0.33,-1.6,1.15
198106,-2.36,-0.97,5.13,-1.35,2.68,1.35
198107,-1.54,-1.97,-0.66,1.08,-3.04,1.24
198108,-7.04,-1.81,4.84,-0.25,1.46,1.28
198109,-7.17,-2.49,5.2,-0.02,2.79,1.24
198110,4.92,2.24,-4.21,3.29,-2.76,1.21
198111,3.36,-1.38,1.9,0.1,0.63,1.07
198112,-3.65,1.19,0.74,0.19,2.41,0.87
198201,-3.24,-1.18,3.17,-1.52,2.08,0.8
198202,-5.86,0.37,6.1,-3.38,4.57,0.92
198203,-1.87,0,3.78,-1.44,2.37,0.98
198204,3.27,1.15,-2.78,1.51,-0.15,1.13
198205,-3.99,0.56,1.81,0.91,-0.09,1.06
198206,-3.09,-0.51,1.54,0.03,2.72,0.96
198207,-3.19,0.95,0.15,1.03,1.54,1.05
198208,11.14,-4.29,1.16,-1.96,0.18,0.76
198209,1.29,2.57,0.34,2.12,-0.04,0.51
198210,11.3,1.92,-3.68,0.3,-0.37,0.59
198211,4.67,4.53,-1.96,-1.05,0.32,0.63
198212,0.55,-0.01,0.01,-0.07,1.03,0.67
198301,3.6,3.28,-0.86,-1.5,-0.46,0.69
198302,2.59,2.9,0.67,-0.57,1.02,0.62
198303,2.82,1.42,2.07,-0.07,2.81,0.63
198304,6.67,0.49,0.6,-0.16,1.6,0.71
198305,0.52,6.22,-1.4,-1.85,-1.53,0.69
198306,3.07,1.15,-3.87,2.52,-0.89,0.67
198307,-4.07,0.98,5.62,-0.03,2.84,0.74
198308,-0.5,-4.34,5.55,0.45,1.95,0.76
198309,0.91,0.25,1.09,1.21,0.59,0.76
198310,-3.44,-3.82,5.06,-0.81,2.97,0.76
198311,2.16,1.88,-0.62,-0.48,0.64,0.7
198312,-1.78,-0.47,1.67,1.59,1.21,0.73
198401,-1.92,-0.07,7.63,-0.93,3,0.76
198402,-4.82,-1.62,3.36,0.82,1.57,0.71
198403,0.63,-0.28,0.48,-0.93,1.09,0.73
198404,-0.51,-1.01,1.29,3.27,0.76,0.81
198405,-5.97,0.08,0.26,2.32,-0.5,0.78
198406,1.82,0.07,-2.6,3.08,-1.51,0.75
198407,-2.74,-2.22,0.49,3.69,-2.17,0.82
198408,10.28,-0.3,-1.85,-0.89,-0.81,0.83
198409,-0.8,0,5.32,1.4,2.53,0.86
198410,-0.84,-1.43,0.51,1.17,-1.16,1
198411,-1.76,-0.98,4.08,0.81,2.08,0.73
198412,1.84,-0.69,-0.17,1.21,-1.26,0.64
198501,7.99,3.49,-5.43,-0.83,-3.36,0.65
198502,1.22,1,-0.12,1.26,1.03,0.58
198503,-0.84,-1.48,4.1,1.18,2.94,0.62
198504,-0.96,-0.1,3.73,1.59,0.71,0.72
198505,5.09,-2.33,-0.86,1.3,-1.39,0.66
198506,1.27,0.51,0.76,1.44,-0.59,0.55
198507,-0.74,2.89,-1.63,-0.45,-0.31,0.62
198508,-1.02,-0.32,2.28,-0.04,1.88,0.55
198509,-4.54,-1.81,1.32,1.16,1.61,0.6
198510,4.02,-1.55,0.78,0.92,-1.11,0.65
198511,6.48,0,-2.87,0.29,-2.33,0.61
198512,3.88,-0.39,-1.53,0.97,-1.8,0.65
198601,0.65,1.01,0.53,-2.02,-2.05,0.56
198602,7.13,-0.76,-0.94,1.15,-1.39,0.53
198603,4.88,-0.57,-0.44,1.12,0.99,0.6
198604,-1.31,2.92,-2.85,2.91,0.02,0.52
198605,4.62,-1.26,-0.11,2.08,1.11,0.49
198606,1.03,-0.87,1.4,1.83,0.87,0.52
198607,-6.45,-3.54,4.78,-0.57,0.61,0.52
198608,6.07,-4.36,3.52,-1.74,3.24,0.46
198609,-8.6,1.97,3.19,-0.05,3.62,0.45
198610,4.66,-2.33,-1.32,0.13,0.89,0.46
198611,1.17,-1.88,-0.06,1.12,0.61,0.39
198612,-3.27,0.07,0.37,0.83,-0.03,0.49
198701,12.47,-1.51,-3.18,0.2,-1.09,0.42
198702,4.39,3.41,-5.99,-0.9,-2.76,0.43
198703,1.64,0.21,1.66,1.36,4.03,0.47
198704,-2.11,-1.55,-0.33,-0.46,1.22,0.44
198705,0.11,-0.59,0.13,0.52,1.32,0.38
198706,3.94,-2.29,1.07,1.73,0.83,0.48
198707,3.85,-1.11,0.66,-0.5,1.56,0.46
198708,3.52,-0.9,-0.9,2.03,-1.59,0.47
198709,-2.59,0.37,0.28,-0.9,1.89,0.45
198710,-23.24,-8.09,4.23,2.01,2.39,0.6
198711,-7.77,2.83,3.14,-1.92,0.71,0.35
198712,6.81,0.09,-4.49,3.01,-2.36,0.39
198801,4.21,-0.54,5.08,-1.12,2.09,0.29
198802,4.75,3.32,-1.65,1.56,-0.11,0.46
198803,-2.27,6.26,0.74,-0.16,1.91,0.44
198804,0.56,1.12,1.69,-0.23,1.9,0.46
198805,-0.29,-2.59,2.3,-0.7,0.38,0.51
198806,4.79,2.19,-1.07,1.42,-3.25,0.49
198807,-1.25,-0.17,2.27,-0.59,1.45,0.51
198808,-3.31,-0.02,2.03,-0.76,1.74,0.59
198809,3.3,-1.31,-0.68,1.72,-0.48,0.62
198810,1.15,-2.95,1.71,1.4,1.04,0.61
198811,-2.29,-1.66,1.24,-0.31,1.6,0.57
198812,1.49,2.01,-1.55,0.64,-0.37,0.63
198901,6.1,-2.23,0.51,-1.03,0.16,0.55
198902,-2.25,2.67,0.87,-0.82,1.89,0.61
198903,1.57,0.76,0.46,0.01,0.79,0.67
198904,4.33,-0.7,-1.45,0.76,-0.54,0.67
198905,3.35,-0.01,-0.82,0.49,-0.04,0.79
198906,-1.35,-1.08,2.19,0.24,1.52,0.71
198907,7.2,-4.04,-2.84,1.99,-0.62,0.7
198908,1.44,0.43,0.72,0.41,-0.5,0.74
198909,-0.76,0.46,-1.34,1.4,0.59,0.65
198910,-3.67,-3.33,-1.03,0,0.02,0.68
198911,1.03,-1.3,-1.12,-0.91,1.47,0.69
198912,1.16,-2.3,0.28,-0.1,1.45,0.61
199001,-7.85,-1.33,0.87,-1.13,1.32,0.57
199002,1.11,1.18,0.61,-0.19,-0.64,0.57
199003,1.83,1.64,-2.9,2.15,-1.02,0.64
199004,-3.36,-0.4,-2.55,1.72,-0.98,0.69
199005,8.42,-2.4,-3.74,1.65,-1.57,0.68
199006,-1.09,1.38,-1.94,-1,-0.34,0.63
199007,-1.9,-3.27,-0.01,-0.27,3.1,0.68
199008,-10.15,-3.85,1.58,-0.43,2.99,0.66
199009,-6.12,-3.78,0.73,-0.16,3.71,0.6
199010,-1.92,-5.07,0.22,2.87,-0.49,0.68
199011,6.35,-0.06,-3.16,0.82,-4.75,0.57
199012,2.46,0.61,-1.54,2.86,-2,0.6
199101,4.69,3.86,-1.84,1.55,-4.08,0.52
199102,7.19,3.96,-0.54,-0.27,-0.16,0.48
199103,2.65,3.82,-1.23,-0.39,-0.99,0.44
199104,-0.28,0.33,1.42,0.53,0.71,0.53
199105,3.65,0.17,-0.57,2.11,-2.45,0.47
199106,-4.94,0.17,1.21,1.75,0.63,0.42
199107,4.24,-0.96,-1.25,1.61,-1.41,0.49
199108,2.32,1.44,-0.78,0.88,-0.55,0.46
199109,-1.59,1.55,-1,-1.81,0.16,0.46
199110,1.29,0.95,-0.43,-1.73,-0.29,0.42
199111,-4.19,-0.87,-1.93,1.08,0.12,0.39
199112,10.84,-2.42,-4.03,3.58,-3.12,0.38
199201,-0.59,9.26,4.51,-1.33,3.15,0.34
199202,1.09,1.35,6.37,0.09,2.04,0.28
199203,-2.66,-0.9,3.65,-0.08,1.93,0.34
199204,1.07,-5.73,4.31,1.71,2.22,0.32
199205,0.3,0.21,1.28,-0.96,0.43,0.28
199206,-2.34,-2.71,3.4,-0.03,1.07,0.32
199207,3.77,-0.61,-0.53,1.57,-0.72,0.31
199208,-2.38,-0.42,-1.03,3.79,-1.62,0.26
199209,1.19,0.48,-0.21,1.53,-0.5,0.26
199210,1.02,2.02,-2.1,1.31,-0.8,0.23
199211,4.13,3.91,-1.48,-0.84,-1.91,0.23
199212,1.53,1.64,2.52,-0.44,0.75,0.28
199301,0.93,2.09,5.87,-1.77,2.78,0.23
199302,0.12,-3.42,6.42,-0.5,4.05,0.22
199303,2.3,0.05,1.22,-0.29,0.92,0.25
199304,-3.05,-0.86,2.61,-3.69,1.52,0.24
199305,2.89,1.88,-3.41,-0.01,-1.18,0.22
199306,0.31,0.11,2.62,-1.06,1.09,0.25
199307,-0.34,0.9,3.25,-2.18,2.03,0.24
199308,3.71,0.25,-0.45,-1.15,-0.04,0.25
199309,-0.12,3.06,-0.44,0.77,-0.08,0.26
199310,1.41,1.61,-1.54,-0.1,0.6,0.22
199311,-1.89,-1.43,-0.27,1.55,-0.95,0.25
199312,1.65,1.36,0.57,0.7,-0.32,0.23
199401,2.87,-0.14,2.09,-2.29,1.44,0.25
199402,-2.55,2.65,-1.45,2.45,-1.03,0.21
199403,-4.78,-1.02,1.29,0.77,1.27,0.27
199404,0.68,-1.05,1.68,1.01,1.12,0.27
199405,0.58,-2.46,0.2,0.9,0.7,0.31
199406,-3.03,-0.52,1.69,1.16,1.53,0.31
199407,2.82,-1.83,0.62,-0.89,0.11,0.28
199408,4.01,1.29,-2.81,0.87,-1.45,0.37
199409,-2.31,2.67,-1.91,0.6,0.93,0.37
199410,1.34,-2.3,-1.74,0.58,-0.62,0.38
199411,-4.04,0.11,-0.94,0.81,-0.44,0.37
199412,0.86,-0.02,0.54,0.42,0.31,0.44
199501,1.8,-2.76,0.81,0.61,-0.83,0.42
199502,3.63,-0.55,1.09,0.58,-0.33,0.4
199503,2.19,-0.72,-1.1,-0.33,0.16,0.46
199504,2.11,-0.34,2.27,0.05,1,0.44
199505,2.9,-2.06,1.72,0.46,0.09,0.54
199506,2.72,2.95,-2.28,-0.48,-2.44,0.47
199507,3.72,2.1,-1.67,0.45,-1.7,0.45
199508,0.55,1.83,2.71,-1.36,1.64,0.47
199509,3.35,-1.88,-0.75,1.33,0.36,0.43
199510,-1.52,-4.05,-0.74,2.14,-0.03,0.47
199511,3.96,-1.17,0.95,-0.83,1.19,0.42
199512,1.03,0.67,0.87,-1.33,2.99,0.49
199601,2.26,-2.59,0.3,-0.64,2.28,0.43
199602,1.33,1.82,-1.42,0.4,-1.8,0.39
199603,0.73,1.54,1.01,1.3,-0.97,0.39
199604,2.06,4.64,-3.91,0.18,-2.2,0.46
199605,2.36,3.17,-1.2,0.42,-0.22,0.42
199606,-1.14,-3.47,1.56,3.46,1.09,0.4
199607,-5.97,-3.68,4.45,2.83,2.6,0.45
199608,2.77,2.55,-0.46,-0.29,-2.42,0.41
199609,5.01,-1.33,-3.15,1.51,-2.18,0.44
199610,0.86,-3.88,5.12,1.32,2.98,0.42
199611,6.25,-3.79,1.16,1.99,-0.73,0.41
199612,-1.7,3.21,0.89,0.56,1.51,0.46
199701,4.98,-1.82,-1.65,1.3,-0.28,0.45
199702,-0.49,-2.53,5.2,0.69,3.41,0.39
199703,-5.02,-0.48,3.81,0.36,1.67,0.43
199704,4.04,-5.73,-0.07,3.26,-0.89,0.43
199705,6.74,4.65,-3.87,-0.97,-2.91,0.49
199706,4.1,1.26,1.23,1.01,0.54,0.37
199707,7.33,-2.84,0.82,-0.24,-2.56,0.43
199708,-4.15,7.66,1.38,-0.93,-0.02,0.41
199709,5.35,2.56,0.01,-1.39,-0.92,0.44
199710,-3.8,-0.51,1.95,1.09,1.87,0.42
199711,2.98,-5.03,0.79,3.07,1.66,0.39
199712,1.32,-2.01,3.45,1.19,1.92,0.48
199801,0.15,-1.41,-1.45,0.46,-0.85,0.43
199802,7.04,-0.02,-0.13,-0.86,-2.4,0.39
199803,4.76,-0.65,1.05,-1.02,-0.47,0.39
199804,0.73,-0.02,0.74,-2.13,-0.23,0.43
199805,-3.07,-3.11,4.16,0.96,2.54,0.4
199806,3.18,-3.68,-2.33,-0.52,-2.93,0.41
199807,-2.46,-5.32,-0.96,1.82,0.45,0.4
199808,-16.08,-5.02,3.4,3.47,5.85,0.43
199809,6.15,-0.84,-3.31,-1.51,-2.91,0.46
199810,7.13,-3.51,-2.21,0.59,0.28,0.32
199811,6.1,0.64,-3.15,-1.24,-1.15,0.31
199812,6.16,-1.51,-4.46,-0.75,-3.33,0.38
199901,3.5,-0.75,-4.03,-2.69,-6.86,0.35
199902,-4.08,-5.15,1.4,-1.71,4.09,0.35
199903,3.45,-4.29,-2.65,-4.2,-1.39,0.43
199904,4.33,4.66,2.53,-2.42,0.92,0.37
199905,-2.46,3.73,2.4,1.09,3.36,0.34
199906,4.77,2.25,-3.6,1.32,-3.37,0.4
199907,-3.49,2.53,-0.76,0.48,3.11,0.38
199908,-1.38,-1.93,-1.31,-0.29,0.31,0.39
199909,-2.79,2.56,-3.4,-0.74,-1.06,0.39
199910,6.12,-7.09,-2.88,-1.71,-1.25,0.39
199911,3.37,5.9,-6.51,-3.85,-1.58,0.36
199912,7.72,5.42,-8.74,-7.91,-5.29,0.44
200001,-4.74,4.15,-0.29,-6.05,4.73,0.41
200002,2.45,18.32,-9.93,-18.33,-0.51,0.43
200003,5.2,-14.91,7.38,11.68,-1.05,0.47
200004,-6.4,-5.55,8.61,7.55,5.27,0.46
200005,-4.42,-3.68,2.56,4.63,0.74,0.5
200006,4.64,10.39,-9.86,-6.83,-3.07,0.4
200007,-2.51,-0.95,8.06,6,2.99,0.48
200008,7.03,-1.1,-0.66,-3.07,0.61,0.5
200009,-5.45,0.23,6.13,3.08,6.43,0.51
200010,-2.76,-2.83,5.64,9.66,4.68,0.56
200011,-10.72,-0.46,11.26,13.33,8.51,0.51
200012,1.19,3.17,7.37,1.85,5.67,0.5
200101,3.13,5.8,-4.86,-4.44,-6.55,0.54
200102,-10.05,2.67,12.87,9,9.56,0.38
200103,-7.26,2.32,6.46,3.41,3.93,0.42
200104,7.94,-0.63,-4.72,-2.72,-3.95,0.39
200105,0.72,3.58,3.18,0.18,2.18,0.32
200106,-1.94,6.61,-1.03,2.03,-1.8,0.28
200107,-2.13,-2.91,5.57,7.16,3.01,0.3
200108,-6.46,2.73,2.51,3.95,6.5,0.31
200109,-9.25,-5.69,1.6,4.96,3.27,0.28
200110,2.46,5.42,-8.1,-2.66,-4.64,0.22
200111,7.54,-0.3,2.01,-3.76,-1.66,0.17
200112,1.61,5.14,1.1,0.3,-0.29,0.15
200201,-1.44,1.19,3.33,4.35,2.84,0.14
200202,-2.29,-0.46,2.5,7.62,5.12,0.13
200203,4.24,4.28,1.1,-1.36,0.61,0.13
200204,-5.2,6.66,3.92,4.57,5.41,0.15
200205,-1.38,-3.07,1.68,2.27,2.42,0.14
200206,-7.21,3.78,0.12,3.62,2.51,0.13
200207,-8.18,-6.24,-3.44,4.19,-0.72,0.15
200208,0.5,-1.27,2.52,1.15,-1.61,0.14
200209,-10.35,3.07,1.32,3.24,-2.28,0.14
200210,7.84,-4.12,-5.45,-3.28,0.92,0.14
200211,5.96,2.9,-1.12,-9.13,5.12,0.12
200212,-5.76,0.5,2.23,6.04,-1.59,0.11
200301,-2.57,0.81,-0.93,-0.63,0.81,0.1
200302,-1.88,-0.89,-1.45,1.04,-0.55,0.09
200303,1.09,0.55,-2.08,1.8,-0.69,0.1
200304,8.22,1.06,1.03,-4.57,1.14,0.1
200305,6.05,4.83,-0.29,-6.92,3.22,0.09
200306,1.42,1.68,0.68,0.55,-0.33,0.1
200307,2.35,4.73,-1.13,-4.17,1.87,0.07
200308,2.34,2.54,2.03,-2.46,2.2,0.07
200309,-1.24,0.52,0.01,1.34,0.31,0.08
200310,6.08,2.64,1.77,-1.59,1.55,0.07
200311,1.35,2.21,1.85,0.08,1.67,0.07
200312,4.29,-2.69,2.41,0,0.97,0.08
200401,2.15,2.54,1.97,-3.53,3.4,0.07
200402,1.4,-0.91,0.5,2.28,-1.34,0.06
200403,-1.32,2.11,0.22,1.5,-1.04,0.09
200404,-1.83,-2.19,-2.62,3.31,-2.8,0.08
200405,1.17,-0.4,-0.39,-0.97,-0.08,0.06
200406,1.86,2.57,1.39,1.12,-0.41,0.08
200407,-4.06,-3.02,4.12,5.08,-1.62,0.1
200408,0.08,-1.27,1.02,1.3,-1.43,0.11
200409,1.6,3.29,-0.25,-1.34,-1.89,0.11
200410,1.43,0.29,-0.62,-0.07,0.4,0.11
200411,4.54,4.13,1.8,-1.06,-0.22,0.15
200412,3.43,0.01,-0.07,-1.26,0.51,0.16
200501,-2.76,-1.11,1.96,3.05,-1.37,0.16
200502,1.89,-0.3,1.64,1.2,-0.06,0.16
200503,-1.97,-1.4,1.59,0.47,1.11,0.21
200504,-2.61,-4.02,-0.35,0.96,-0.9,0.21
200505,3.65,2.72,-0.81,-1.31,0.28,0.24
200506,0.57,3.26,2.63,0.98,-0.53,0.23
200507,3.92,2.83,-0.51,-1.19,-0.98,0.24
200508,-1.22,-0.86,1.27,-2.23,0.45,0.3
200509,0.49,-0.31,0.76,0.49,-0.56,0.29
200510,-2.02,-1.41,0.23,-0.58,-1.26,0.27
200511,3.61,0.8,-1.19,-0.6,-1.19,0.31
200512,-0.25,-0.27,0.44,0.12,0.24,0.32
200601,3.04,5.77,1.12,-0.94,-0.54,0.35
200602,-0.3,-0.45,-0.25,-0.7,2,0.34
200603,1.46,3.45,0.6,-0.04,-0.5,0.37
200604,0.73,-0.83,2.6,1.15,-0.25,0.36
200605,-3.57,-2.99,2.55,0.96,1.34,0.43
200606,-0.35,-0.23,0.88,1.38,-0.11,0.4
200607,-0.78,-3.69,2.94,1.54,0.93,0.4
200608,2.03,0.44,-1.71,-1.74,2.15,0.42
200609,1.84,-1.43,0.05,0.88,0.53,0.41
200610,3.23,1.93,-0.04,-0.22,0.26,0.41
200611,1.71,0.81,0.07,0.09,-0.88,0.42
200612,0.87,-0.8,3.15,-0.8,2.05,0.4
200701,1.4,0.08,-0.11,0.22,0.24,0.44
200702,-1.96,1.4,-0.09,-0.47,-0.74,0.38
200703,0.68,0.07,-0.22,0.25,-0.59,0.43
200704,3.49,-2.02,-1.15,1.02,1.01,0.44
200705,3.24,0.28,-0.04,1.13,-1.29,0.41
200706,-1.96,0.76,-1.12,0.53,0.07,0.4
200707,-3.73,-2.87,-3.33,0.57,-1.04,0.4
200708,0.92,-0.34,-2.24,-0.91,-0.56,0.42
200709,3.22,-2.41,-1.86,-0.58,-3.17,0.32
200710,1.8,0.03,-2.6,-0.31,-0.1,0.32
200711,-4.83,-2.81,-1.18,1.88,-0.34,0.34
200712,-0.87,0.18,-0.51,0.7,-1.09,0.27
200801,-6.36,-0.52,3.65,1.98,2.2,0.21
200802,-3.09,-0.53,-0.94,0.76,-1.06,0.13
200803,-0.93,0.75,-0.14,1.09,0.47,0.17
200804,4.6,-1.15,-0.95,1.28,-2.54,0.18
200805,1.86,3.22,-1.38,0.81,0.04,0.18
200806,-8.44,1.15,-2.42,4.3,-0.42,0.17
200807,-0.77,3.66,5.88,-0.98,1.06,0.15
200808,1.53,3.42,1.52,1.85,0.81,0.13
200809,-9.24,0.35,6.33,2.95,1.77,0.15
200810,-17.23,-3.2,-2.89,3.6,1.91,0.08
200811,-7.86,-3.88,-6.02,4.83,2.72,0.03
200812,1.74,3.37,-0.25,-0.08,-1.4,0
200901,-8.12,-2.01,-11.18,0.23,-1.15,0
200902,-10.1,-1.17,-7.27,1.71,-1.12,0.01
200903,8.95,0.67,3.56,-2.33,-2.22,0.02
200904,10.19,6.71,5.53,0.28,0.14,0.01
200905,5.21,-2.33,-0.23,-0.98,-2.16,0
200906,0.43,2.32,-2.72,-1.06,-0.17,0.01
200907,7.72,2.44,5.28,-0.66,3.2,0.01
200908,3.33,-0.05,7.75,-3.02,3.18,0.01
200909,4.08,2.74,0.93,1.36,0.38,0.01
200910,-2.59,-4.78,-4.18,4.18,-1.66,0
200911,5.56,-2.8,-0.17,0.81,0.13,0
200912,2.75,6.22,0,0.48,-0.07,0.01
201001,-3.36,0.29,0.3,-1.39,0.46,0
201002,3.4,1.46,3.16,-0.33,1.4,0
201003,6.31,1.79,2.11,-0.56,1.7,0.01
201004,2,5.04,2.81,1.1,1.69,0.01
201005,-7.89,0.06,-2.38,1.37,-0.22,0.01
201006,-5.56,-2.49,-4.5,-0.21,-1.51,0.01
201007,6.93,0.09,-0.26,0.24,2.02,0.01
201008,-4.77,-3.1,-1.95,0.72,-1.69,0.01
201009,9.54,3.72,-3.13,-0.21,0.47,0.01
201010,3.88,0.78,-2.6,1.3,-0.23,0.01
201011,0.6,3.6,-0.9,0.24,1.64,0.01
201012,6.82,0.95,3.82,-3.65,3.22,0.01
201101,1.99,-2.42,0.82,-0.89,0.69,0.01
201102,3.49,1.64,1.1,-1.93,0.95,0.01
201103,0.45,2.67,-1.58,1.64,-0.03,0.01
201104,2.9,-0.51,-2.52,1.09,-0.84,0
201105,-1.27,-0.69,-2.08,2.02,-1.5,0
201106,-1.75,0.11,-0.32,2.38,-1.45,0
201107,-2.36,-1.34,-1.21,2.43,-1.76,0
201108,-5.99,-3.2,-2.48,3.2,-0.24,0.01
201109,-7.59,-3.78,-1.41,1.85,0.28,0
201110,11.35,3.57,-0.18,-1.87,-0.88,0
201111,-0.28,-0.26,-0.34,1.79,1.53,0
201112,0.74,-0.44,1.77,0.8,2.4,0
201201,5.05,2.16,-1.13,-1.81,-1.4,0
201202,4.42,-1.63,0.08,-0.19,-0.1,0
201203,3.11,-0.45,0.92,-0.33,0.82,0
201204,-0.85,-0.59,-0.48,1.12,0.67,0
201205,-6.19,-0.09,-0.59,2.28,2.39,0.01
201206,3.89,0.95,0.44,-1.24,0.34,0
201207,0.79,-2.68,-0.27,1.11,0.13,0
201208,2.55,0.44,1.31,-1.26,-0.73,0.01
201209,2.73,0.66,1.53,-1.38,1.59,0.01
201210,-1.76,-0.81,3.79,-1.39,2.28,0.01
201211,0.78,0.36,-0.97,0.68,0.91,0.01
201212,1.18,1.87,3.58,-1.98,0.86,0.01
201301,5.57,0.56,0.95,-1.64,1.47,0
201302,1.29,-0.38,0.03,-0.69,0.48,0
201303,4.03,0.83,-0.3,0.17,1.31,0
201304,1.55,-2.3,0.62,0.07,0.47,0
201305,2.8,2.06,2.6,-1.66,-0.78,0
201306,-1.2,1.35,-0.17,-0.44,-0.01,0
201307,5.65,1.8,0.56,-1.46,0.56,0
201308,-2.71,-0.01,-2.78,0.62,-2.16,0
201309,3.77,2.67,-1.19,-0.73,-1.32,0
201310,4.18,-1.53,1.14,2.7,0.87,0
201311,3.12,1.33,0.24,0.14,0.05,0
201312,2.81,-0.53,-0.31,-0.52,0.07,0
201401,-3.32,0.57,-2.09,-3.99,-1.4,0
201402,4.65,0.15,-0.4,-0.26,-0.41,0
201403,0.43,-1.17,5.09,2.16,1.9,0
201404,-0.19,-4.15,1.14,3.48,1.07,0
201405,2.06,-1.89,-0.27,0.1,-1.08,0
201406,2.61,3.1,-0.74,-1.97,-1.91,0
201407,-2.04,-4.25,0.01,0.94,0.47,0
201408,4.24,0.29,-0.59,-0.63,-0.7,0
201409,-1.97,-3.79,-1.23,1.13,-0.51,0
201410,2.52,3.78,-1.7,-0.47,-0.17,0
201411,2.55,-2.31,-3,1.4,0.18,0
201412,-0.06,2.88,2.06,-1.16,0.88,0
201501,-3.11,-0.87,-3.48,1.67,-1.67,0
201502,6.13,0.21,-1.81,-1.07,-1.75,0
201503,-1.12,3.04,-0.46,0.1,-0.51,0
201504,0.59,-3.03,1.85,-0.15,-0.49,0
201505,1.36,0.77,-1.37,-1.72,-0.74,0
201506,-1.53,2.86,-0.79,0.5,-1.47,0
201507,1.54,-4.55,-4.12,0.04,-2.56,0
201508,-6.04,0.4,2.66,0.76,1.25,0
201509,-3.08,-2.78,0.53,1.81,-0.51,0
201510,7.75,-2.16,-0.07,0.82,0.43,0
201511,0.56,3.35,-0.51,-2.57,-1.1,0
201512,-2.17,-2.99,-2.59,0.31,0.13,0.01
201601,-5.77,-3.42,2.08,2.6,3.02,0.01
201602,-0.07,0.95,-0.5,3.28,2.05,0.02
201603,6.96,1.09,1.16,0.81,-0.02,0.02
201604,0.92,1.17,3.26,-2.88,1.97,0.01
201605,1.78,-0.71,-1.81,-1.01,-2.55,0.01
201606,-0.05,0.49,-1.47,1.19,1.92,0.02
201607,3.95,2.64,-1.11,1.33,-1.24,0.02
201608,0.5,1.72,3.34,-1.33,-0.39,0.02
201609,0.25,1.74,-1.49,-2.29,-0.08,0.02
201610,-2.02,-4.01,4.16,1.19,0.24,0.02
201611,4.86,6.81,8.29,-0.1,3.7,0.01
201612,1.82,0.41,3.58,0.99,-0.3,0.03
201701,1.94,-1.28,-2.78,-0.01,-0.95,0.04
201702,3.57,-2.13,-1.79,0.78,-1.72,0.04
201703,0.17,0.78,-3.17,0.68,-1,0.03
201704,1.09,0.49,-1.87,2,-1.55,0.05
201705,1.06,-3.05,-3.78,1.21,-1.88,0.06
201706,0.78,2.48,1.35,-2.01,-0.07,0.06
201707,1.87,-1.59,-0.29,-0.71,-0.15,0.07
201708,0.16,-1.85,-2.24,0.28,-2.42,0.09
201709,2.51,4.84,3.03,-1.18,1.63,0.09
201710,2.25,-1.97,-0.05,1.04,-3.33,0.09
201711,3.12,-0.43,-0.04,3.12,0,0.08
201712,1.06,-1.04,0.14,0.65,1.65,0.09
201801,5.58,-3.15,-1.37,-0.5,-0.89,0.11
201802,-3.65,0.32,-1.19,0.52,-2.25,0.11
201803,-2.35,3.54,-0.12,-0.51,0,0.12
201804,0.29,0.97,0.54,-2.09,1.18,0.14
201805,2.65,4.72,-3.16,-1.95,-1.42,0.14
201806,0.48,0.86,-2.38,0.71,0.33,0.14
201807,3.19,-1.93,0.4,1.63,0.44,0.16
201808,3.44,0.65,-4.08,-0.28,-2.5,0.16
201809,0.06,-2.52,-1.3,0.59,1.24,0.15
201810,-7.68,-4.51,3.44,0.87,3.45,0.19
201811,1.69,-0.82,0.25,-0.6,0.32,0.18
201812,-9.55,-3.05,-1.47,-0.13,0.16,0.19
201901,8.41,3.09,-0.62,-0.69,-1.36,0.21
201902,3.4,1.78,-2.84,0.24,-1.47,0.18
201903,1.1,-3.54,-4.07,0.93,-1.02,0.19
201904,3.96,-1.13,1.93,1.75,-2.17,0.21
201905,-6.94,-1.47,-2.39,-0.35,1.78,0.21
201906,6.93,0.37,-1.08,0.94,-0.38,0.18
201907,1.19,-1.91,0.14,-0.08,0.36,0.19
201908,-2.58,-3.3,-4.99,0.37,-0.96,0.16
201909,1.44,0.32,6.71,1.97,3.55,0.18
201910,2.06,0.21,-2.07,0.43,-0.96,0.15
201911,3.87,0.5,-1.86,-1.5,-1.29,0.12
201912,2.77,0.97,1.82,0.23,1.29,0.14