DATE,vwretd,vwretx,t30ret,T10YFF,AAAFFM,BAAFFM
19630131,0.051848,0.050475,0.002512,0.940909091,1.29,1.99
19630228,-0.021931,-0.026608,0.00226,0.921111111,1.19,1.89
19630329,0.032917,0.031233,0.002262,0.951904762,1.21,1.9
19630430,0.047439,0.046435,0.002661,1.101428571,1.31,1.97
19630531,0.020051,0.014726,0.00243,0.93,1.22,1.85
19630628,-0.01803,-0.019459,0.002282,1.0055,1.24,1.85
19630731,-0.001718,-0.002995,0.002784,1.054090909,1.24,1.82
19630830,0.052684,0.048035,0.002484,0.518636364,0.8,1.34
19630930,-0.011898,-0.013317,0.002755,0.6085,0.83,1.36
19631031,0.027708,0.026276,0.002919,0.611304348,0.82,1.33
19631129,-0.005549,-0.011692,0.002659,0.651176471,0.85,1.36
19631231,0.021736,0.019978,0.00306,0.800952381,0.97,1.47
19640131,0.02579,0.024731,0.002866,0.678181818,0.91,1.35
19640228,0.017207,0.012653,0.002636,0.673333333,0.88,1.35
19640331,0.017636,0.015967,0.003298,0.826190476,0.95,1.4
19640430,0.004608,0.003672,0.002904,0.776818182,0.93,1.38
19640528,0.017403,0.012531,0.00257,0.706,0.91,1.35
19640630,0.01508,0.013413,0.003136,0.67,0.91,1.35
19640731,0.020118,0.019127,0.002808,0.799545455,0.98,1.41
19640831,-0.011266,-0.015575,0.002772,0.693809524,0.91,1.32
19640930,0.03048,0.028792,0.002686,0.775238095,0.97,1.37
19641030,0.008869,0.00773,0.002997,0.896190476,1.06,1.45
19641130,0.003089,-0.002673,0.002915,0.637777778,0.91,1.29
19641231,0.00369,0.001939,0.00304,0.372727273,0.59,0.96
19650129,0.038646,0.037663,0.002915,0.3395,0.53,0.9
19650226,0.006946,0.002634,0.003198,0.252222222,0.43,0.8
19650331,-0.009715,-0.011428,0.003486,0.170869565,0.38,0.74
19650430,0.033652,0.032737,0.003118,0.117142857,0.34,0.71
19650528,-0.00435,-0.009102,0.003283,0.127,0.34,0.71
19650630,-0.051868,-0.053591,0.00338,0.197727273,0.42,0.81
19650730,0.016759,0.015871,0.003218,0.13,0.39,0.79
19650831,0.030883,0.026133,0.003309,0.134090909,0.37,0.76
19650930,0.031952,0.030357,0.003114,0.334285714,0.51,0.9
19651029,0.029271,0.028212,0.003391,0.296,0.48,0.85
19651130,0.003065,-0.002961,0.00338,0.358947368,0.5,0.85
19651231,0.013545,0.011976,0.003126,0.346363636,0.36,0.7
19660131,0.012122,0.011231,0.00363,0.288095238,0.32,0.64
19660228,-0.008621,-0.013014,0.003481,0.242631579,0.18,0.52
19660331,-0.020923,-0.022746,0.003795,0.229565217,0.27,0.67
19660429,0.024837,0.023854,0.003638,0.1115,0.29,0.74
19660531,-0.052539,-0.057483,0.004043,-0.057142857,0.08,0.58
19660630,-0.010317,-0.012063,0.003672,-0.317727273,-0.1,0.41
19660729,-0.01287,-0.013831,0.003847,-0.158,-0.14,0.38
19660831,-0.075388,-0.080712,0.004119,-0.223043478,-0.22,0.3
19660930,-0.006958,-0.008695,0.00389,-0.128571429,0.09,0.69
19661031,0.042294,0.041171,0.004389,-0.451,-0.12,0.57
19661130,0.017516,0.010606,0.003932,-0.594736842,-0.41,0.37
19661230,0.00621,0.004409,0.00363,-0.55,-0.01,0.78
19670131,0.08553,0.084077,0.003927,-0.29,0.26,1.03
19670228,0.010945,0.006257,0.003743,-0.359444444,0.03,0.82
19670331,0.043384,0.041582,0.003693,0.041818182,0.6,1.32
19670428,0.041609,0.040697,0.003344,0.562,1.06,1.78
19670531,-0.039293,-0.044217,0.003126,0.920909091,1.3,2.02
19670630,0.026903,0.025341,0.002674,1.055909091,1.46,2.17
19670731,0.049189,0.048277,0.003153,1.3775,1.79,2.47
19670831,-0.006282,-0.011073,0.00324,1.393913043,1.72,2.43
19670929,0.034286,0.032875,0.003177,1.3075,1.66,2.41
19671031,-0.027433,-0.02865,0.003649,1.61,1.94,2.64
19671130,0.007902,0.002565,0.003416,1.6145,1.94,2.59
19671229,0.033699,0.032203,0.003565,1.203,1.68,2.42
19680131,-0.03633,-0.037829,0.003934,0.924090909,1.57,2.24
19680229,-0.033624,-0.038107,0.003849,0.877894737,1.39,2.09
19680329,0.005116,0.00374,0.003977,0.720952381,1.06,1.8
19680430,0.094148,0.09273,0.004263,-0.1005,0.45,1.21
19680531,0.027041,0.022494,0.004672,-0.223636364,0.16,0.92
19680628,0.011527,0.010037,0.004436,-0.365,0.21,1
19680730,-0.022024,-0.023162,0.00479,-0.540909091,0.22,0.96
19680830,0.018038,0.013495,0.004476,-0.610454545,-0.01,0.79
19680930,0.044454,0.043207,0.004203,-0.2915,0.19,1.01
19681031,0.009041,0.007467,0.004394,-0.32173913,0.18,0.93
19681129,0.058502,0.054125,0.004457,-0.013888889,0.37,1.19
19681231,-0.033873,-0.035363,0.004249,0.123809524,0.43,1.21
19690131,-0.006711,-0.007725,0.005025,-0.267272727,0.29,1.02
19690228,-0.05364,-0.057882,0.004619,-0.357894737,0.05,0.69
19690328,0.030506,0.029062,0.004802,-0.457,0.06,0.72
19690430,0.020526,0.019345,0.004859,-1.203809524,-0.52,0.13
19690529,0.00504,0.000241,0.005215,-2.153809524,-1.88,-1.15
19690630,-0.067387,-0.068958,0.005137,-2.04,-1.92,-1.2
19690731,-0.065172,-0.066373,0.00552,-1.721428571,-1.53,-0.77
19690829,0.05149,0.046517,0.00589,-2.32047619,-2.22,-1.33
19690930,-0.02259,-0.024167,0.005856,-1.9,-2.01,-1.1
19691031,0.055638,0.053771,0.005724,-1.711363636,-1.67,-0.78
19691128,-0.032164,-0.036678,0.005509,-1.576470588,-1.5,-0.6
19691231,-0.019681,-0.021471,0.005846,-1.204090909,-1.25,-0.32
19700130,-0.073254,-0.074519,0.005781,-1.164285714,-1.07,-0.12
19700227,0.056706,0.051651,0.006167,-1.706666667,-1.05,-0.2
19700331,-0.004729,-0.006569,0.005542,-0.623809524,0.08,0.87
19700430,-0.105318,-0.106393,0.005286,-0.695,-0.27,0.6
19700529,-0.064346,-0.069931,0.005546,0.047142857,0.17,1.04
19700630,-0.051067,-0.053372,0.005546,0.301363636,0.88,1.65
19700731,0.074169,0.072132,0.004886,0.348181818,1.23,2.19
19700831,0.050036,0.044584,0.00502,0.905714286,1.52,2.83
19700930,0.047536,0.045601,0.005034,1.125714286,1.8,3.1
19701030,-0.018208,-0.02045,0.004954,1.13952381,1.83,3.13
19701130,0.050448,0.045354,0.004489,1.250588235,2.45,3.78
19701231,0.060723,0.058969,0.003786,1.543636364,2.74,4.22
19710129,0.05203,0.050772,0.003777,1.943,3.22,4.6
19710226,0.016913,0.012413,0.003344,2.451111111,3.36,4.67
19710331,0.044778,0.042972,0.002924,1.994782609,3.5,4.75
19710430,0.033332,0.0323,0.002804,1.671428571,3.1,4.3
19710528,-0.036409,-0.040737,0.003127,1.7335,2.9,3.99
19710630,0.003119,0.001385,0.003505,1.610454545,2.73,3.84
19710730,-0.040283,-0.041317,0.004272,1.42952381,2.33,3.45
19710831,0.042511,0.037666,0.004446,1.012272727,2.03,3.2
19710930,-0.005016,-0.006491,0.00363,0.616666667,1.89,3.04
19711029,-0.040682,-0.042346,0.003855,0.72,2.19,3.28
19711130,-0.001262,-0.005696,0.003506,0.9205,2.35,3.47
19711231,0.091257,0.089557,0.003152,1.834090909,3.11,4.24
19720131,0.028383,0.027169,0.00285,2.403809524,3.69,4.73
19720229,0.031349,0.027272,0.002659,2.7855,3.98,4.94
19720330,0.008722,0.007247,0.00259,2.230909091,3.41,4.41
19720428,0.005505,0.004723,0.002962,2.025,3.13,4.07
19720531,0.016375,0.01196,0.002942,1.862272727,3.03,3.96
19720630,-0.020896,-0.022412,0.0028,1.638636364,2.77,3.74
19720731,-0.004254,-0.00531,0.003084,1.5935,2.66,3.68
19720831,0.035966,0.031857,0.002988,1.386086957,2.39,3.39
19720929,-0.007671,-0.009085,0.003546,1.7245,2.35,3.22
19721031,0.008676,0.007358,0.003891,1.399,2.17,3.02
19721130,0.049764,0.045305,0.003739,1.2335,2.06,2.93
19721229,0.011243,0.009903,0.004185,1.0325,1.75,2.6
19730131,-0.027452,-0.028652,0.00441,0.509090909,1.21,1.96
19730228,-0.04437,-0.047916,0.004277,0.092777778,0.64,1.39
19730330,-0.007859,-0.009333,0.00475,-0.331818182,0.2,0.94
19730430,-0.051766,-0.052962,0.005002,-0.46,0.14,0.97
19730531,-0.024511,-0.02878,0.005098,-0.970909091,-0.55,0.22
19730629,-0.008646,-0.010422,0.005379,-1.592857143,-1.12,-0.36
19730731,0.056956,0.05551,0.00654,-3.301428571,-2.95,-2.16
19730831,-0.029657,-0.034039,0.006855,-3.045217391,-2.82,-1.97
19730928,0.053935,0.052533,0.006749,-3.622105263,-3.15,-2.15
19731031,-0.000414,-0.00214,0.006856,-3.173333333,-2.41,-1.6
19731130,-0.120708,-0.125552,0.005529,-3.38,-2.36,-1.61
19731231,0.011438,0.009422,0.006961,-3.137368421,-2.27,-1.47
19740131,0.004413,0.002807,0.006274,-2.640909091,-1.82,-1.17
19740228,0.002346,-0.002451,0.005819,-2.002777778,-1.12,-0.44
19740329,-0.023364,-0.025299,0.005677,-2.126666667,-1.34,-0.73
19740430,-0.04596,-0.047694,0.007949,-2.98,-2.26,-1.64
19740531,-0.041981,-0.04732,0.007235,-3.688636364,-2.94,-2.26
19740628,-0.022942,-0.025407,0.006892,-4.32,-3.46,-2.66
19740731,-0.070874,-0.072695,0.006756,-5.074545455,-4.2,-3.44
19740830,-0.087757,-0.094578,0.00594,-3.929545455,-3.01,-2.24
19740930,-0.109718,-0.112274,0.007997,-3.2675,-2.1,-1.16
19741031,0.165584,0.162459,0.005254,-2.160454545,-0.79,0.42
19741129,-0.041046,-0.048241,0.005139,-1.718888889,-0.56,1.15
19741231,-0.027005,-0.030302,0.007009,-0.992380952,0.36,2.1
19750131,0.1416,0.139591,0.005387,0.315454545,1.7,3.68
19750228,0.058412,0.051629,0.004326,1.205,2.38,4.41
19750331,0.03019,0.027442,0.004014,2.2855,3.13,4.94
19750430,0.046497,0.044432,0.004489,2.707727273,3.46,5.09
19750530,0.05514,0.049542,0.004869,2.832857143,3.68,5.47
19750630,0.051473,0.048958,0.004133,2.332857143,3.22,5.07
19750731,-0.060385,-0.062318,0.004811,1.979090909,2.74,4.45
19750829,-0.023557,-0.02896,0.004815,2.271904762,2.81,4.45
19750930,-0.03801,-0.040486,0.005575,2.201904762,2.71,4.37
19751031,0.055857,0.053273,0.005185,2.322727273,3.04,4.8
19751128,0.031223,0.025803,0.004127,2.887647059,3.56,5.34
19751231,-0.010998,-0.013677,0.004983,2.800454545,3.59,5.36
19760130,0.126012,0.124372,0.004402,2.904761905,3.73,5.54
19760227,0.00731,0.002081,0.003452,3.036666667,3.78,5.47
19760331,0.02674,0.024295,0.004344,2.896086957,3.68,5.28
19760430,-0.010402,-0.011668,0.00444,2.71952381,3.58,5.12
19760528,-0.009326,-0.015305,0.004124,2.624,3.29,4.57
19760630,0.044522,0.042169,0.004446,2.381818182,3.14,4.41
19760730,-0.006135,-0.007573,0.00439,2.533333333,3.25,4.51
19760831,-0.001398,-0.007387,0.004745,2.470454545,3.16,4.35
19760930,0.024512,0.022385,0.003924,2.34,3.13,4.15
19761029,-0.020373,-0.02225,0.004092,2.3995,3.3,4.27
19761130,0.005361,-0.001441,0.00444,2.345263158,3.3,4.28
19761231,0.061593,0.059302,0.003579,2.191363636,3.33,4.47
19770131,-0.036328,-0.037997,0.003594,2.567619048,3.35,4.47
19770228,-0.015744,-0.021769,0.003499,2.702105263,3.36,4.44
19770331,-0.009249,-0.011797,0.003769,2.763913043,3.41,4.43
19770429,0.004962,0.003564,0.004114,2.646,3.31,4.34
19770531,-0.010777,-0.018005,0.003855,2.111428571,2.7,3.66
19770630,0.051369,0.048712,0.003716,1.878181818,2.56,3.52
19770729,-0.012806,-0.014162,0.003873,1.922631579,2.52,3.45
19770831,-0.013338,-0.020278,0.004993,1.495652174,2.08,2.92
19770930,0.001572,-0.001008,0.00433,1.189047619,1.78,2.66
19771031,-0.039278,-0.041312,0.004943,1.049,1.57,2.42
19771130,0.04544,0.037081,0.004959,1.090526316,1.57,2.44
19771230,0.008223,0.005497,0.0047,1.11047619,1.63,2.43
19780131,-0.055199,-0.057209,0.005374,1.216666667,1.71,2.47
19780228,-0.009275,-0.0167,0.004941,1.227222222,1.69,2.42
19780331,0.034009,0.030865,0.005017,1.232727273,1.68,2.43
19780428,0.082853,0.081203,0.005712,1.29,1.67,2.43
19780531,0.02323,0.015499,0.005317,0.983333333,1.33,2.13
19780630,-0.010748,-0.01374,0.005369,0.844090909,1.16,2
19780731,0.056741,0.054868,0.005591,0.8415,1.07,1.79
19780831,0.04237,0.035504,0.00555,0.353043478,0.65,1.44
19780929,-0.006889,-0.009456,0.005964,-0.047,0.24,0.97
19781031,-0.110995,-0.1136,0.007498,-0.342857143,-0.07,0.63
19781130,0.033787,0.025752,0.007041,-0.9695,-0.73,0.07
19781229,0.017708,0.01458,0.007372,-0.9925,-0.87,-0.09
19790131,0.04953,0.047019,0.007882,-0.959545455,-0.82,0.06
19790228,-0.026765,-0.033781,0.007324,-0.983333333,-0.8,0.02
19790330,0.065613,0.062472,0.008928,-0.960909091,-0.72,0.17
19790430,0.00852,0.006438,0.008489,-0.8295,-0.63,0.32
19790531,-0.013571,-0.021458,0.008161,-0.973333333,-0.74,0.23
19790629,0.046852,0.043821,0.007858,-1.375238095,-1,0.09
19790731,0.014991,0.012773,0.00841,-1.535238095,-1.27,-0.18
19790831,0.064732,0.057305,0.007506,-1.913043478,-1.71,-0.59
19790928,0.001426,-0.000932,0.007732,-2.044210526,-1.99,-0.89
19791031,-0.072662,-0.07547,0.009621,-3.514545455,-3.64,-2.37
19791130,0.063604,0.05581,0.009878,-2.485789474,-2.42,-1.19
19791231,0.028215,0.025174,0.010209,-3.383,-3.04,-1.72
19800131,0.065607,0.063303,0.007968,-2.916363636,-2.73,-1.4
19800229,0.001015,-0.00574,0.010654,-1.752105263,-1.75,-0.56
19800331,-0.120224,-0.123258,0.012009,-4.353809524,-4.23,-2.74
19800430,0.052287,0.049833,0.012865,-5.845714286,-5.57,-3.42
19800530,0.06009,0.052629,0.007883,-0.78,0.01,2.19
19800630,0.037714,0.034438,0.006312,0.362857143,1.11,3.24
19800731,0.069438,0.067066,0.005281,1.26,2.04,3.62
19800829,0.023553,0.017236,0.005973,1.624285714,2.03,3.54
19800930,0.029498,0.026617,0.008698,0.657142857,1.15,2.83
19801031,0.020095,0.01737,0.008912,-1.031818182,-0.5,1.42
19801128,0.104952,0.09901,0.008895,-3.205882353,-2.88,-1.21
19801231,-0.03441,-0.03704,0.014149,-6.114090909,-5.69,-3.76
19810130,-0.040087,-0.041825,0.009957,-6.291904762,-6.27,-4.05
19810227,0.015521,0.009123,0.010685,-2.747222222,-2.58,-0.56
19810331,0.046184,0.043096,0.013157,-1.580909091,-1.37,0.64
19810430,-0.011268,-0.013037,0.010756,-2.166190476,-1.84,-0.16
19810529,0.01355,0.007405,0.010646,-4.3115,-4.2,-2.57
19810630,-0.010243,-0.013357,0.015158,-5.543636364,-5.35,-3.3
19810731,-0.00308,-0.004806,0.011915,-4.784545455,-4.66,-2.87
19810831,-0.056279,-0.063012,0.012804,-3.062380952,-2.93,-1.48
19810930,-0.063773,-0.066713,0.012794,-0.602857143,-0.38,1.05
19811030,0.060162,0.057005,0.011685,0.119047619,0.32,2.03
19811130,0.045849,0.039226,0.01103,0.080555556,0.91,3.08
19811231,-0.028096,-0.031104,0.008738,1.275454545,1.86,4.18
19820129,-0.02621,-0.027913,0.007306,1.3315,1.96,3.88
19820226,-0.051126,-0.058639,0.009176,-0.315555556,0.49,2.4
19820331,-0.010099,-0.014053,0.011077,-0.845217391,-0.1,2.14
19820430,0.043267,0.041422,0.01129,-1.053333333,-0.48,1.84
19820528,-0.028212,-0.036596,0.009592,-0.9495,-0.19,2.19
19820630,-0.023912,-0.027379,0.01071,0.152272727,0.66,2.77
19820730,-0.020526,-0.022744,0.01021,1.457142857,2.02,4.21
19820831,0.119013,0.109931,0.008342,2.938636364,3.59,6.2
19820930,0.016761,0.01367,0.005118,1.993333333,2.63,5.32
19821029,0.118636,0.11593,0.005475,1.218,2.41,5.02
19821130,0.051935,0.044991,0.007201,1.317894737,2.48,5.1
19821231,0.014516,0.01203,0.006289,1.518636364,2.88,5.19
19830131,0.04185,0.039762,0.006864,1.883809524,3.11,5.26
19830228,0.030215,0.024204,0.006186,2.168421053,3.5,5.44
19830331,0.03468,0.031623,0.006326,1.679130435,2.96,4.84
19830429,0.074188,0.072842,0.006918,1.616,2.71,4.49
19830531,0.013226,0.007961,0.007584,1.719047619,2.83,4.46
19830630,0.037838,0.034866,0.006661,1.832272727,2.76,4.39
19830729,-0.031568,-0.032864,0.006917,2.0065,2.78,4.02
19830831,0.003463,-0.001803,0.008342,2.284782609,2.95,4.08
19830930,0.016028,0.013103,0.007607,2.209047619,2.92,4.1
19831031,-0.028074,-0.029775,0.007433,2.117,2.77,3.98
19831130,0.029556,0.024206,0.007199,2.327894737,3.07,4.27
19831230,-0.010464,-0.013442,0.007039,2.288095238,3.1,4.28
19840131,-0.013023,-0.014873,0.008083,2.091904762,2.64,4.09
19840229,-0.039073,-0.043938,0.007328,2.221578947,2.49,4
19840330,0.013389,0.010024,0.00728,2.415909091,2.66,4.08
19840430,0.002538,0.000801,0.00813,2.2845,2.52,4.02
19840531,-0.05232,-0.057705,0.007898,2.930454545,2.96,4.42
19840629,0.023385,0.019502,0.007534,2.48,2.49,3.99
19840731,-0.020621,-0.022542,0.008755,2.056190476,2.21,3.92
19840831,0.112689,0.106812,0.007963,1.063478261,1.23,2.99
19840928,0.000404,-0.002538,0.008293,1.257368421,1.36,3.05
19841031,-0.000074,-0.002921,0.009766,2.158636364,2.64,3.95
19841130,-0.010685,-0.015257,0.007334,2.195789474,2.86,4.05
19841231,0.023656,0.020095,0.006923,3.1325,3.75,5.02
19850131,0.085718,0.083506,0.006474,2.993809524,3.73,4.91
19850228,0.016896,0.012267,0.006033,3.026111111,3.63,4.73
19850329,-0.001747,-0.004924,0.00616,3.303809524,3.98,5.11
19850430,-0.002186,-0.003958,0.007565,3.094761905,3.96,5.24
19850531,0.055775,0.050799,0.006062,2.855909091,3.75,5.18
19850628,0.017091,0.014038,0.005546,2.643,3.41,4.87
19850731,-0.000251,-0.00222,0.006196,2.409545455,3.09,4.55
19850830,-0.004795,-0.009593,0.005792,2.416818182,3.15,4.6
19850930,-0.039826,-0.042576,0.006049,2.406315789,3.15,4.56
19851031,0.044441,0.042023,0.006021,2.211363636,3.03,4.37
19851129,0.069228,0.064698,0.006156,1.735789474,2.5,3.94
19851231,0.043061,0.04008,0.006139,0.824761905,1.89,3.31
19860131,0.009829,0.008006,0.004865,1.211428571,1.91,3.3
19860228,0.0725,0.06819,0.005296,0.831052632,1.81,3.25
19860331,0.053885,0.05136,0.005963,0.2425,1.52,3.02
19860430,-0.007903,-0.009633,0.005341,0.254545455,1.8,3.2
19860530,0.050844,0.047123,0.004934,0.835714286,2.24,3.44
19860630,0.014246,0.011624,0.005246,0.848095238,2.21,3.42
19860731,-0.0597,-0.061454,0.005011,0.741363636,2.32,3.6
19860829,0.066181,0.062428,0.004614,0.993809524,2.55,4.01
19860930,-0.079021,-0.081274,0.004783,1.527619048,3,4.31
19861031,0.049303,0.046859,0.004209,1.564545455,3.01,4.39
19861128,0.015093,0.010874,0.003924,1.156111111,2.64,4.03
19861231,-0.026388,-0.029057,0.004767,-0.109545455,1.58,3.06
19870130,0.128496,0.126924,0.004151,0.8915,1.93,3.29
19870227,0.047918,0.044491,0.004309,1.132105263,2.28,3.55
19870331,0.023664,0.021218,0.005012,1.095,2.23,3.48
19870430,-0.017001,-0.018898,0.004285,1.568095238,2.48,3.67
19870529,0.005125,0.001874,0.00376,1.785,2.48,3.66
19870630,0.043662,0.04115,0.005031,1.676363636,2.59,3.79
19870731,0.044248,0.042348,0.004058,1.863181818,2.84,4.03
19870831,0.037146,0.03386,0.004744,2.015714286,2.94,4.07
19870930,-0.020774,-0.022846,0.00482,2.134285714,2.96,4.09
19871030,-0.225363,-0.227344,0.00604,2.250952381,3.23,4.33
19871130,-0.072273,-0.076513,0.003366,2.185789474,3.32,4.54
19871231,0.070327,0.067214,0.002988,2.215,3.34,4.52
19880129,0.04488,0.043048,0.002762,1.813684211,3.05,4.24
19880229,0.051695,0.045999,0.004564,1.6355,2.82,4.04
19880331,-0.016598,-0.019273,0.004402,1.785217391,2.81,3.99
19880429,0.010991,0.009188,0.004577,1.817,2.8,4.03
19880531,0.000448,-0.003859,0.005051,2.036666667,2.81,3.95
19880630,0.051459,0.048746,0.004832,1.389090909,2.35,3.49
19880729,-0.007272,-0.00994,0.00506,1.3105,2.21,3.36
19880831,-0.028006,-0.032443,0.005957,1.259565217,2.1,3.2
19880930,0.037202,0.034603,0.006145,0.77952381,1.63,2.71
19881031,0.017646,0.014483,0.006074,0.504,1.21,2.11
19881130,-0.016412,-0.021131,0.005742,0.6015,1.1,2.13
19881230,0.021075,0.017631,0.006306,0.333809524,0.81,1.89
19890131,0.066103,0.063307,0.005766,-0.0595,0.5,1.53
19890228,-0.016446,-0.020177,0.00611,-0.202631579,0.28,1.25
19890331,0.021465,0.018642,0.006213,-0.506363636,-0.05,0.82
19890428,0.048204,0.04627,0.00681,-0.6635,-0.05,0.77
19890531,0.039338,0.034584,0.008006,-0.975,-0.24,0.65
19890630,-0.004866,-0.007439,0.007147,-1.249090909,-0.43,0.5
19890731,0.077131,0.074884,0.00704,-1.2,-0.31,0.63
19890831,0.022127,0.018228,0.006684,-0.890869565,-0.03,0.89
19890929,-0.001474,-0.00397,0.006387,-0.8405,-0.01,0.89
19891031,-0.029285,-0.031338,0.00682,-0.827619048,0.08,0.97
19891130,0.017814,0.014331,0.00634,-0.71047619,0.34,1.26
19891229,0.018295,0.015516,0.005941,-0.687,0.41,1.37
19900131,-0.070115,-0.071949,0.005852,-0.05,0.76,1.71
19900228,0.014901,0.010958,0.005818,0.226315789,0.98,1.9
19900330,0.02414,0.021618,0.00638,0.305909091,1.09,1.93
19900430,-0.028286,-0.030565,0.006829,0.513,1.2,2.04
19900531,0.088934,0.084648,0.006404,0.607272727,1.29,2.23
19900629,-0.004196,-0.006739,0.005898,0.184761905,0.97,1.93
19900731,-0.009403,-0.011604,0.006704,0.324285714,1.09,2.05
19900831,-0.091905,-0.095719,0.006154,0.602173913,1.28,2.28
19900928,-0.053843,-0.056109,0.005984,0.627368421,1.36,2.44
19901031,-0.012504,-0.015054,0.006559,0.583181818,1.42,2.63
19901130,0.065744,0.061416,0.005651,0.564,1.49,2.81
19901231,0.029513,0.026276,0.005989,0.7375,1.74,3.12
19910131,0.049078,0.046982,0.004637,0.983809524,2.13,3.54
19910228,0.075847,0.071835,0.004767,1.574210526,2.58,3.82
19910328,0.028923,0.026702,0.004391,1.917,2.81,3.97
19910430,0.003315,0.00119,0.005335,2.073181818,2.95,4.03
19910531,0.040733,0.037173,0.004461,2.256818182,3.08,4.08
19910628,-0.044029,-0.046277,0.004171,2.4175,3.11,4.06
19910731,0.046795,0.04499,0.00484,2.43,3.18,4.07
19910830,0.026817,0.023284,0.00461,2.21,3.09,3.99
19910930,-0.010975,-0.013074,0.004558,2.1615,3.16,4.06
19911031,0.017815,0.016215,0.004246,2.287727273,3.34,4.28
19911129,-0.037275,-0.040557,0.003915,2.604210526,3.67,4.64
19911231,0.106778,0.104142,0.003792,2.610952381,3.88,4.83
19920131,-0.001182,-0.00261,0.003059,2.921428571,4.17,5.1
19920228,0.013354,0.010306,0.002828,3.276842105,4.23,5.17
19920331,-0.0237,-0.025971,0.003376,3.530909091,4.37,5.27
19920430,0.013419,0.011876,0.003303,3.636666667,4.6,5.48
19920529,0.006439,0.003333,0.002758,3.549,4.46,5.31
19920630,-0.019271,-0.021679,0.003201,3.457272727,4.46,5.29
19920731,0.0399,0.038369,0.002892,3.501818182,4.82,5.59
19920831,-0.02082,-0.023972,0.002605,3.259047619,4.65,5.35
19920930,0.012447,0.010271,0.002573,3.125238095,4.7,5.4
19921030,0.010986,0.009548,0.002286,3.444285714,4.89,5.74
19921130,0.040193,0.036963,0.002346,3.79,5.01,5.87
19921231,0.017768,0.01556,0.00227,3.803636364,5.06,5.89
19930129,0.012644,0.011328,0.002335,3.480526316,4.89,5.65
19930226,0.005402,0.00264,0.002209,3.201578947,4.68,5.36
19930331,0.025116,0.022685,0.002538,2.863913043,4.51,5.08
19930430,-0.0254,-0.026724,0.002372,2.987142857,4.5,5.18
19930528,0.029599,0.026565,0.002168,3.0185,4.43,5.21
19930630,0.00544,0.003222,0.002756,2.890909091,4.29,5.03
19930730,-0.000792,-0.00214,0.002402,2.713333333,4.11,4.87
19930831,0.039479,0.036546,0.00253,2.626363636,3.82,4.57
19930930,0.000641,-0.001342,0.002356,2.22047619,3.57,4.25
19931029,0.018064,0.016743,0.00221,2.34,3.68,4.32
19931130,-0.017606,-0.020483,0.002477,2.695,3.91,4.64
19931231,0.019515,0.017488,0.002263,2.815,3.97,4.73
19940131,0.031466,0.030077,0.002503,2.6345,3.87,4.6
19940228,-0.024226,-0.026779,0.00212,2.704210526,3.83,4.51
19940331,-0.045795,-0.047883,0.002469,3.13173913,4.14,4.79
19940429,0.009478,0.008027,0.002711,3.408421053,4.32,4.96
19940531,0.00936,0.006369,0.00315,3.165238095,3.98,4.61
19940630,-0.027909,-0.030083,0.003118,2.828181818,3.72,4.4
19940729,0.030628,0.029254,0.002751,2.983,3.85,4.54
19940831,0.042597,0.039691,0.003687,2.757391304,3.6,4.27
19940930,-0.018363,-0.020379,0.003659,2.709047619,3.61,4.25
19941031,0.01452,0.012999,0.00384,3.0105,3.81,4.44
19941130,-0.037219,-0.039993,0.003691,2.6735,3.39,4.03
19941230,0.012609,0.010169,0.00443,2.304285714,3.01,3.65
19950131,0.020399,0.018798,0.004156,2.1825,2.93,3.55
19950228,0.039615,0.03704,0.003983,1.556842105,2.34,2.93
19950331,0.027041,0.024862,0.004134,1.22,2.14,2.72
19950428,0.025048,0.023596,0.00445,1.026315789,1.98,2.55
19950531,0.034007,0.031227,0.005355,0.607727273,1.64,2.19
19950630,0.031169,0.02924,0.004714,0.166363636,1.3,1.9
19950731,0.040779,0.03893,0.004522,0.409,1.56,2.19
19950831,0.009298,0.0068,0.004637,0.739130435,1.83,2.45
19950929,0.036365,0.034652,0.004309,0.3715,1.52,2.13
19951031,-0.011314,-0.012646,0.004714,0.276666667,1.36,1.99
19951130,0.042804,0.040334,0.004108,0.132380952,1.22,1.88
19951229,0.015183,0.013344,0.004882,0.0245,1.22,1.89
19960131,0.028138,0.026821,0.004278,0.007619048,1.25,1.91
19960229,0.01631,0.014188,0.003908,0.5535,1.77,2.41
19960329,0.010925,0.009221,0.003943,0.977142857,2.04,2.72
19960430,0.025508,0.024263,0.004579,1.244545455,2.28,2.97
19960531,0.026802,0.024543,0.003982,1.469090909,2.38,3.06
19960628,-0.008302,-0.009834,0.004,1.603,2.44,3.13
19960731,-0.053814,-0.055251,0.004497,1.409545455,2.25,2.95
19960830,0.032448,0.030377,0.004122,1.407727273,2.24,2.96
19960930,0.053035,0.051329,0.004375,1.5045,2.36,3.05
19961031,0.013729,0.012357,0.004246,1.259090909,2.15,2.83
19961129,0.065577,0.063595,0.003941,0.885789474,1.79,2.48
19961231,-0.011397,-0.013076,0.004404,0.934285714,1.91,2.6
19970131,0.053473,0.05239,0.004014,1.328095238,2.17,2.84
19970228,-0.001122,-0.002857,0.003788,1.225263158,2.12,2.75
19970331,-0.044868,-0.046519,0.00431,1.288,2.16,2.79
19970430,0.042373,0.041157,0.004313,1.339090909,2.22,2.83
19970530,0.071624,0.069772,0.004263,1.176190476,2.08,2.7
19970630,0.044095,0.042703,0.003744,0.907619048,1.85,2.46
19970731,0.076514,0.075202,0.004294,0.658636364,1.62,2.23
19970829,-0.036291,-0.03765,0.004058,0.744761905,1.68,2.28
19970930,0.058499,0.057095,0.004576,0.620952381,1.61,2.16
19971031,-0.034436,-0.035506,0.003911,0.504545455,1.5,2.07
19971128,0.030404,0.028891,0.003773,0.327222222,1.35,1.9
19971231,0.017817,0.016302,0.004629,0.245454545,1.26,1.82
19980130,0.004502,0.003624,0.004204,0.0325,1.05,1.63
19980227,0.073303,0.071798,0.003847,0.046315789,1.16,1.74
19980331,0.051301,0.050044,0.004485,0.127727273,1.23,1.83
19980430,0.010904,0.009902,0.004308,0.18,1.24,1.88
19980529,-0.025748,-0.02704,0.003805,0.18,1.2,1.81
19980630,0.031944,0.030725,0.004021,-0.107272727,0.97,1.57
19980731,-0.023367,-0.024343,0.003873,-0.112272727,1.01,1.61
19980831,-0.157844,-0.159153,0.004012,-0.217619048,0.97,1.59
19980930,0.063827,0.062308,0.003875,-0.737142857,0.89,1.58
19981030,0.074393,0.073375,0.003353,-0.557142857,1.3,2.11
19981130,0.062023,0.060615,0.003233,-0.008947368,1.58,2.51
19981231,0.063051,0.061723,0.003779,-0.076818182,1.54,2.55
19990129,0.038456,0.037658,0.003494,0.034736842,1.61,2.66
19990226,-0.038085,-0.039271,0.003372,0.223684211,1.64,2.63
19990331,0.037932,0.036659,0.004076,0.408695652,1.81,2.72
19990430,0.049105,0.048284,0.003784,0.423181818,1.9,2.74
19990528,-0.020707,-0.022381,0.003463,0.7985,2.19,2.98
19990630,0.050821,0.049722,0.004098,1.132272727,2.47,3.26
19990730,-0.030716,-0.031594,0.003658,0.768571429,2.2,2.96
19990831,-0.009984,-0.011143,0.003876,0.852272727,2.33,3.08
19990930,-0.022845,-0.024049,0.003705,0.656190476,2.17,2.98
19991029,0.06215,0.06136,0.003581,0.909,2.35,3.18
19991130,0.036824,0.035617,0.003811,0.6145,1.94,2.73
19991231,0.083754,0.082643,0.003764,0.965909091,2.25,2.89
20000131,-0.039607,-0.040248,0.004343,1.104,2.33,2.88
20000229,0.031782,0.030679,0.004295,0.773,1.95,2.56
20000331,0.053499,0.052515,0.004377,0.385217391,1.83,2.52
20000428,-0.059527,-0.060317,0.004595,-0.022631579,1.62,2.38
20000531,-0.03887,-0.040029,0.004782,0.168181818,1.72,2.63
20000630,0.051603,0.050806,0.003744,-0.452272727,1.14,1.95
20000731,-0.017712,-0.018432,0.004772,-0.4645,1.11,1.81
20000831,0.075006,0.073825,0.005002,-0.676521739,1.05,1.76
20000929,-0.051141,-0.051882,0.005093,-0.7155,1.1,1.83
20001031,-0.02449,-0.025164,0.005217,-0.783333333,1.04,1.83
20001130,-0.102372,-0.103579,0.004966,-0.806190476,0.94,1.77
20001229,0.020422,0.019428,0.004909,-1.211,0.81,1.62
20010131,0.039601,0.038813,0.005243,-0.861904762,1.17,1.95
20010228,-0.099103,-0.100201,0.003653,-0.409473684,1.61,2.38
20010330,-0.070392,-0.071348,0.00432,-0.423181818,1.67,2.53
20010430,0.083829,0.082824,0.003864,0.337,2.4,3.27
20010531,0.010455,0.009069,0.003183,1.159545455,3.08,3.86
20010629,-0.017553,-0.018328,0.002778,1.332857143,3.21,4
20010731,-0.018298,-0.019265,0.002999,1.455238095,3.36,4.2
20010831,-0.058981,-0.060356,0.002996,1.314347826,3.37,4.2
20010928,-0.091485,-0.092618,0.00273,1.839411765,4.1,4.96
20011031,0.027836,0.026818,0.002154,2.065,4.54,5.42
20011130,0.078777,0.077341,0.001749,2.5435,4.88,5.72
20011231,0.017853,0.01657,0.001484,3.272,4.95,6.23
20020131,-0.015975,-0.016929,0.00139,3.284761905,4.82,6.14
20020228,-0.021696,-0.023063,0.001285,3.165263158,4.77,6.15
20020328,0.044678,0.043709,0.001341,3.5585,5.08,6.38
20020430,-0.049618,-0.050521,0.001546,3.452272727,5.01,6.28
20020531,-0.010521,-0.011969,0.001442,3.405454545,5,6.34
20020628,-0.070251,-0.071507,0.001312,3.175,4.88,6.2
20020731,-0.081149,-0.082334,0.001507,2.916363636,4.8,6.17
20020830,0.007976,0.006431,0.001402,2.503181818,4.63,5.84
20020930,-0.09992,-0.101384,0.001414,2.116,4.4,5.65
20021031,0.074919,0.073501,0.001334,2.181363636,4.57,5.98
20021129,0.061263,0.059593,0.001166,2.713684211,4.97,6.28
20021231,-0.053315,-0.054958,0.001079,2.786190476,4.97,6.21
20030131,-0.0234,-0.02461,0.000934,2.792857143,4.93,6.11
20030228,-0.015391,-0.017218,0.000871,2.642631579,4.69,5.8
20030331,0.010318,0.008897,0.00102,2.556666667,4.64,5.7
20030430,0.08275,0.081162,0.000939,2.694761905,4.48,5.59
20030530,0.063436,0.061743,0.000903,2.30047619,3.96,5.12
20030630,0.01632,0.014771,0.000984,2.104761905,3.75,4.97
20030731,0.023098,0.021749,0.000674,2.954090909,4.48,5.61
20030829,0.024996,0.023516,0.000689,3.435714286,4.85,5.98
20030930,-0.009116,-0.010602,0.000865,3.26047619,4.71,5.78
20031031,0.060316,0.058836,0.0007,3.274545455,4.69,5.72
20031128,0.016593,0.015052,0.000725,3.304444444,4.65,5.66
20031231,0.045505,0.043848,0.000831,3.281363636,4.64,5.62
20040130,0.023037,0.022013,0.000696,3.1505,4.54,5.44
20040227,0.015479,0.013994,0.000623,3.078421053,4.49,5.26
20040331,-0.010667,-0.011991,0.000844,2.822608696,4.33,5.11
20040430,-0.024214,-0.02556,0.000795,3.341428571,4.73,5.46
20040528,0.014058,0.012374,0.000603,3.7145,5.04,5.75
20040630,0.021601,0.020039,0.000817,3.700952381,4.98,5.75
20040730,-0.03767,-0.038765,0.000919,3.228095238,4.56,5.36
20040831,0.002728,0.001083,0.001116,2.855,4.22,5.03
20040930,0.020543,0.019085,0.001185,2.503333333,3.85,4.66
20041029,0.017806,0.016579,0.001129,2.34,3.71,4.45
20041130,0.048208,0.044313,0.001541,2.271,3.59,4.27
20041231,0.035177,0.033422,0.001672,2.075,3.31,3.99
20050131,-0.026551,-0.027405,0.001661,1.927,3.08,3.74
20050228,0.022676,0.020839,0.001641,1.669473684,2.7,3.32
20050331,-0.016948,-0.018583,0.002123,1.875909091,2.77,3.43
20050429,-0.025185,-0.026569,0.002072,1.564761905,2.54,3.26
20050531,0.037954,0.03615,0.002395,1.14047619,2.15,3.01
20050630,0.011526,0.009902,0.002263,0.955,1.92,2.82
20050729,0.043335,0.042229,0.002383,0.9345,1.8,2.69
20050831,-0.005944,-0.007761,0.00292,0.773478261,1.59,2.46
20050930,0.010607,0.009338,0.002848,0.557142857,1.51,2.41
20051031,-0.020873,-0.021981,0.002728,0.701,1.57,2.52
20051130,0.040322,0.03807,0.003045,0.537,1.42,2.39
20051230,0.003457,0.001886,0.00316,0.308571429,1.21,2.16
20060131,0.040041,0.038935,0.003488,0.116,1,1.95
20060228,-0.001639,-0.003553,0.003322,0.078421053,0.86,1.78
20060331,0.019042,0.017575,0.003642,0.130434783,0.94,1.82
20060428,0.012963,0.011492,0.003559,0.222631579,1.05,1.89
20060531,-0.031041,-0.033021,0.004195,0.178181818,1.01,1.81
20060630,-0.000388,-0.001883,0.00397,0.108636364,0.9,1.79
20060731,-0.001874,-0.002918,0.003976,-0.1625,0.61,1.52
20060831,0.025048,0.022974,0.004283,-0.369565217,0.43,1.34
20060929,0.019424,0.018105,0.004047,-0.5335,0.26,1.18
20061031,0.037133,0.036087,0.004076,-0.51952381,0.26,1.17
20061130,0.023702,0.021338,0.004243,-0.655714286,0.08,0.95
20061229,0.010855,0.009153,0.004036,-0.6725,0.08,0.98
20070131,0.019397,0.018461,0.004328,-0.499047619,0.15,1.09
20070228,-0.013988,-0.015979,0.003837,-0.544210526,0.13,1.02
20070330,0.01295,0.011475,0.004257,-0.696363636,0.04,1.01
20070430,0.039815,0.038449,0.004348,-0.54952381,0.22,1.14
20070531,0.038932,0.036643,0.004046,-0.503181818,0.22,1.14
20070629,-0.014765,-0.016128,0.003918,-0.150952381,0.54,1.45
20070731,-0.03176,-0.032764,0.003962,-0.258571429,0.47,1.39
20070831,0.01163,0.009677,0.004205,-0.360434783,0.77,1.63
20070928,0.040842,0.039325,0.003347,-0.444736842,0.8,1.65
20071031,0.025796,0.024655,0.003212,-0.220909091,0.9,1.72
20071130,-0.049327,-0.051276,0.003395,-0.348,0.95,1.91
20071231,-0.004423,-0.006511,0.002921,-0.1215,1.25,2.41
20080131,-0.062138,-0.063243,0.00243,-0.187142857,1.39,2.6
20080229,-0.021663,-0.023605,0.001325,0.775,2.55,3.84
20080331,-0.010421,-0.01216,0.001869,0.881,2.9,4.28
20080430,0.05106,0.049736,0.001025,1.407272727,3.27,4.69
20080530,0.023808,0.021494,0.000946,1.886666667,3.59,4.95
20080630,-0.078426,-0.080241,0.00175,2.098095238,3.68,5.07
20080731,-0.013341,-0.01469,0.00144,1.988636364,3.66,5.15
20080829,0.010566,0.008576,0.001282,1.89952381,3.64,5.15
20080930,-0.09798,-0.09977,0.00153,1.821904762,3.84,5.5
20081031,-0.184648,-0.186136,0.000792,2.796818182,5.31,7.91
20081128,-0.084615,-0.087354,0.000228,3.139444444,5.73,8.82
20081231,0.022154,0.019087,0.000029,2.245454545,4.89,8.27
20090130,-0.077315,-0.078709,0.000023,2.3605,4.9,7.99
20090227,-0.100271,-0.103457,0.000147,2.646315789,5.05,7.86
20090331,0.086748,0.083489,0.000159,2.636818182,5.32,8.24
20090430,0.109352,0.107516,0.000125,2.773809524,5.24,8.24
20090529,0.067774,0.065124,0.000017,3.1185,5.36,7.88
20090630,-0.003099,-0.005042,0.000075,3.514090909,5.4,7.29
20090731,0.081752,0.080331,0.000119,3.405454545,5.25,6.93
20090831,0.031469,0.02931,0.000116,3.426666667,5.1,6.42
20090930,0.045216,0.043576,0.000079,3.255714286,4.98,6.16
20091030,-0.027971,-0.029227,0.00004,3.27,5.03,6.17
20091130,0.057117,0.054661,0.000004,3.282631579,5.07,6.2
20091231,0.02843,0.026404,0.000062,3.471363636,5.14,6.25
20100129,-0.037098,-0.038111,0.000028,3.616315789,5.15,6.14
20100226,0.034786,0.0327,0.00001,3.564736842,5.22,6.21
20100331,0.063626,0.06194,0.000068,3.565652174,5.11,6.11
20100430,0.020063,0.01895,0.000111,3.649090909,5.09,6.05
20100528,-0.079163,-0.081251,0.000112,3.2175,4.76,5.85
20100630,-0.050745,-0.052485,0.000127,3.027727273,4.7,6.05
20100730,0.070309,0.068611,0.000142,2.82952381,4.54,5.83
20100831,-0.042844,-0.044969,0.000126,2.509090909,4.3,5.47
20100930,0.091547,0.089664,0.000125,2.453809524,4.34,5.47
20101029,0.038512,0.03699,0.000112,2.3495,4.49,5.53
20101130,0.005125,0.002925,0.000114,2.568,4.68,5.73
20101231,0.067205,0.064873,0.00014,3.107727273,4.84,5.92
20110131,0.019137,0.018182,0.000066,3.221,4.87,5.92
20110228,0.038175,0.036243,0.000122,3.418421053,5.06,5.99
20110331,0.003353,0.001768,0.000067,3.276086957,4.99,5.89
20110429,0.028667,0.027552,0.000053,3.3595,5.06,5.92
20110531,-0.0149,-0.016907,0.000013,3.075238095,4.87,5.69
20110630,-0.018388,-0.020153,0.000035,2.911363636,4.9,5.66
20110729,-0.022524,-0.023665,-0.000028,2.935,4.86,5.69
20110831,-0.057498,-0.059638,0.000083,2.205217391,4.27,5.26
20110930,-0.084862,-0.086554,-0.000001,1.891428571,4.01,5.19
20111031,0.11403,0.112619,0.000014,2.08,3.91,5.3
20111130,-0.006207,-0.008875,0.000004,1.9315,3.79,5.06
20111230,0.003696,0.001449,0,1.906666667,3.86,5.18
20120131,0.054095,0.052947,-0.000002,1.882,3.77,5.15
20120229,0.041239,0.038967,0.000031,1.8625,3.75,5.04
20120330,0.024004,0.02212,0.000046,2.045454545,3.86,5.1
20120430,-0.006806,-0.008024,0.000029,1.907619048,3.82,5.05
20120531,-0.065574,-0.067986,0.000065,1.646818182,3.64,4.91
20120629,0.038189,0.036089,0.000022,1.46047619,3.48,4.86
20120731,0.010284,0.009031,0.000032,1.368095238,3.24,4.71
20120831,0.026278,0.023678,0.00005,1.546086957,3.35,4.78
20120928,0.026554,0.024613,0.000067,1.573684211,3.35,4.7
20121031,-0.014104,-0.015553,0.000037,1.587619048,3.31,4.42
20121130,0.006192,0.002951,0.000085,1.493,3.34,4.35
20121231,0.012529,0.008978,0.000103,1.556,3.49,4.47
20130131,0.054145,0.052937,0.000022,1.77047619,3.66,4.59
20130228,0.00834,0.006136,0.000054,1.842105263,3.75,4.7
20130328,0.035294,0.033528,0.000041,1.8085,3.79,4.71
20130430,0.014947,0.01377,0.000037,1.614090909,3.58,4.44
20130531,0.019074,0.016515,0.000012,1.819545455,3.78,4.62
20130628,-0.015036,-0.017051,0.000013,2.2045,4.18,5.1
20130731,0.052717,0.05128,0.000009,2.49,4.25,5.23
20130830,-0.025727,-0.027904,0.000009,2.654545455,4.46,5.34
20130930,0.03747,0.035676,0.000008,2.7285,4.56,5.39
20131031,0.039895,0.038608,0.000017,2.530454545,4.44,5.22
20131129,0.024966,0.022842,0.000032,2.633684211,4.55,5.3
20131231,0.02614,0.024086,0.000023,2.815714286,4.53,5.29
20140131,-0.029987,-0.031093,0.000012,2.786666667,4.42,5.12
20140228,0.046186,0.043951,0.000045,2.642105263,4.38,5.03
20140331,0.004501,0.002784,0.000028,2.644285714,4.3,4.98
20140430,0.00167,0.000506,0.000015,2.615238095,4.15,4.81
20140530,0.020223,0.018015,0.000008,2.471904762,4.07,4.67
20140630,0.027961,0.025977,0.00002,2.502857143,4.15,4.7
20140731,-0.020536,-0.021831,0.000013,2.450909091,4.07,4.64
20140829,0.040206,0.038203,0.000003,2.330952381,3.99,4.6
20140930,-0.025132,-0.026826,0.000004,2.445714286,4.02,4.71
20141031,0.021198,0.01995,0.000012,2.215454545,3.83,4.6
20141128,0.021159,0.018994,-0.000001,2.230555556,3.83,4.7
20141231,-0.003623,-0.005757,0.000005,2.085909091,3.67,4.62
20150130,-0.0272,-0.028272,0.000013,1.765,3.35,4.34
20150227,0.056017,0.053679,-0.000021,1.861578947,3.5,4.4
20150331,-0.010454,-0.01227,-0.000008,1.929090909,3.53,4.43
20150430,0.008716,0.007567,0.000029,1.810454545,3.4,4.36
20150529,0.010344,0.008184,-0.000005,2.073,3.86,4.77
20150630,-0.019262,-0.021203,0.000004,2.235,4.06,5
20150731,0.012113,0.0109,-0.000037,2.194090909,4.02,5.07
20150831,-0.060046,-0.062112,0.000027,2.025238095,3.9,5.05
20150930,-0.033769,-0.035704,-0.000006,2.037619048,3.93,5.2
20151030,0.074021,0.072626,-0.000027,1.945714286,3.83,5.22
20151130,0.002448,0.000182,0.00002,2.144210526,3.94,5.34
20151231,-0.022287,-0.024526,0.000103,2.010909091,3.73,5.22
20160129,-0.057094,-0.058264,0.000037,1.722631579,3.66,5.11
20160229,0.000685,-0.001737,0.000205,1.4055,3.58,4.96
20160331,0.070518,0.068146,0.00019,1.528181818,3.46,4.77
20160429,0.011814,0.010579,0.000051,1.438571429,3.25,4.42
20160531,0.014316,0.011904,0.000115,1.44,3.28,4.31
20160630,0.003111,0.001037,0.000188,1.267272727,3.12,4.15
20160729,0.038775,0.037528,0.000171,1.1085,2.89,3.83
20160831,0.002789,0.000453,0.000165,1.160869565,2.92,3.84
20160930,0.003017,0.00124,0.000219,1.235714286,3.01,3.91
20161031,-0.021594,-0.022839,0.000168,1.362,3.11,3.98
20161130,0.040491,0.038046,0.000136,1.737,3.45,4.3
20161230,0.018792,0.016652,0.000239,1.956190476,3.52,4.29
20170131,0.02219,0.021165,0.000358,1.7775,3.27,4.01
20170228,0.032665,0.030563,0.000364,1.763684211,3.29,3.98
20170331,0.002092,0.00022,0.000353,1.695217391,3.22,3.89
20170428,0.009615,0.008496,0.000537,1.391578947,2.97,3.67
20170531,0.009335,0.006989,0.000614,1.397272727,2.94,3.64
20170630,0.009469,0.007585,0.000617,1.145,2.64,3.33
20170731,0.02033,0.018945,0.000722,1.1625,2.55,3.24
20170831,0.001589,-0.000647,0.000827,1.053043478,2.47,3.15
20170929,0.023734,0.022128,0.000944,1.047,2.48,3.15
20171031,0.019281,0.018179,0.00084,1.204285714,2.45,3.17
20171130,0.027309,0.024984,0.000826,1.197619048,2.41,3.11
20171229,0.012173,0.010315,0.000884,1.104,2.21,2.92
20180131,0.050656,0.049702,0.001121,1.167619048,2.14,2.85
20180228,-0.039465,-0.041332,0.001073,1.442631579,2.4,3.09
20180329,-0.018433,-0.020301,0.000261,1.344761905,2.36,3.13
20180430,0.004769,0.00366,0.001433,1.176666667,2.16,2.98
20180531,0.02617,0.023877,0.001401,1.277727273,2.3,3.13
20180629,0.005334,0.003549,0.001408,1.091428571,2.14,3.01
20180731,0.031605,0.030468,0.001558,0.979047619,1.96,2.88
20180831,0.030221,0.027755,0.001575,0.974347826,1.97,2.86
20180928,0.000443,-0.001192,0.00149,1.055263158,2.03,2.93
20181031,-0.074031,-0.0751,0.00189,0.964090909,1.95,2.88
20181130,0.01853,0.016193,0.001795,0.918,2.02,3.02
20181231,-0.08981,-0.092046,0.00193,0.562105263,1.75,2.86