,Mkt-RF,SMB,HML,RMW,CMA,RF,Date
196307,-0.39,-0.47,-0.83,0.66,-1.15,0.27,1963-07
196308,5.07,-0.79,1.67,0.39,-0.4,0.25,1963-08
196309,-1.57,-0.48,0.18,-0.76,0.24,0.27,1963-09
196310,2.53,-1.29,-0.1,2.75,-2.24,0.29,1963-10
196311,-0.85,-0.84,1.71,-0.45,2.22,0.27,1963-11
196312,1.83,-1.89,-0.12,0.08,-0.3,0.29,1963-12
196401,2.24,0.08,1.59,0.22,1.5,0.3,1964-01
196402,1.54,0.32,2.83,0.06,0.85,0.26,1964-02
196403,1.41,1.41,3.32,-2.01,2.93,0.31,1964-03
196404,0.1,-1.52,-0.55,-1.35,-1.08,0.29,1964-04
196405,1.42,-0.68,1.98,-0.26,0.24,0.26,1964-05
196406,1.27,0.09,0.68,-0.42,0.14,0.3,1964-06
196407,1.74,0.53,0.68,0.14,1.84,0.3,1964-07
196408,-1.44,0.3,0.09,0.06,0.36,0.28,1964-08
196409,2.69,-0.31,1.65,-0.48,0.58,0.28,1964-09
196410,0.59,0.88,1.14,-0.29,0.48,0.29,1964-10
196411,0,-0.27,-1.98,0.6,-0.16,0.29,1964-11
196412,0.03,-0.58,-2.55,1.13,-1.63,0.31,1964-12
196501,3.54,2.49,0.18,0.84,0.11,0.28,1965-01
196502,0.44,3.31,0.22,0.4,-0.69,0.3,1965-02
196503,-1.34,2.03,1.09,-0.3,0.73,0.36,1965-03
196504,3.11,1.18,0.71,0.26,-2.3,0.31,1965-04
196505,-0.77,0.06,-1.63,-0.37,0.7,0.31,1965-05
196506,-5.51,-4.3,0.55,0.12,0.41,0.35,1965-06
196507,1.43,1.07,2.18,-1.41,-0.02,0.31,1965-07
196508,2.73,2.72,-0.96,2.06,-0.76,0.33,1965-08
196509,2.86,0.62,-0.1,-0.82,0.82,0.31,1965-09
196510,2.6,3.42,1.52,1.22,-0.76,0.31,1965-10
196511,-0.03,5.19,0.21,-1.06,-0.9,0.35,1965-11
196512,1.01,2.64,1.95,-1.28,-0.45,0.33,1965-12
196601,0.72,4.72,3.49,-2.83,-0.07,0.38,1966-01
196602,-1.21,4.86,0.27,-0.15,-1.44,0.35,1966-02
196603,-2.51,0.22,-2.07,1.3,-0.01,0.38,1966-03
196604,2.14,3.36,-0.54,0.41,-0.91,0.34,1966-04
196605,-5.66,-5.18,-1.55,1.66,-1.52,0.41,1966-05
196606,-1.44,1.34,0.5,0.06,0.8,0.38,1966-06
196607,-1.63,-0.5,0.96,-0.45,1.77,0.35,1966-07
196608,-7.91,-3.03,0.47,0.05,0.77,0.41,1966-08
196609,-1.06,-1.18,0.53,-1.65,2.5,0.4,1966-09
196610,3.86,-6.53,2.87,-3.64,4.28,0.45,1966-10
196611,1.4,3.37,-4.46,4.17,-6.53,0.4,1966-11
196612,0.13,1.91,-1.22,0.68,-0.13,0.4,1966-12
196701,8.15,9,2.22,0.62,-2.97,0.43,1967-01
196702,0.78,3.03,-2.17,1.94,-0.94,0.36,1967-02
196703,3.99,1.9,0.31,0.9,-1.51,0.39,1967-03
196704,3.89,0.46,-2.64,2.43,-3.75,0.32,1967-04
196705,-4.33,2.37,0.8,-1.75,1.61,0.33,1967-05
196706,2.41,6.46,0.96,-0.64,-2.39,0.27,1967-06
196707,4.58,3.48,2.65,0.51,2.72,0.31,1967-07
196708,-0.89,0.76,1.46,0.42,1.41,0.31,1967-08
196709,3.11,2.46,-2.47,0.22,-0.95,0.32,1967-09
196710,-3.09,0.47,-3.39,0.81,-2.55,0.39,1967-10
196711,0.37,-0.06,-1.71,1.29,-2.29,0.36,1967-11
196712,3.05,5.75,-0.39,-0.65,0.03,0.33,1967-12
196801,-4.06,4.49,4.75,-4.58,6.45,0.4,1968-01
196802,-3.75,-2.91,1.17,-0.14,2.49,0.39,1968-02
196803,0.2,-1.52,-0.59,1.17,-1.15,0.38,1968-03
196804,9.05,6.25,-1.03,2.79,-3.66,0.43,1968-04
196805,2.28,7.04,0.84,0.39,-1.82,0.45,1968-05
196806,0.69,-0.26,0.67,-1.33,2.68,0.43,1968-06
196807,-2.72,-1.33,5.48,-3,3.61,0.48,1968-07
196808,1.34,2.29,1,-0.6,0.4,0.42,1968-08
196809,4.03,2.77,0.24,-2.03,0.92,0.43,1968-09
196810,0.42,-0.43,2.89,-1.3,2.81,0.44,1968-10
196811,5.43,2.41,-0.9,0.46,-2.52,0.42,1968-11
196812,-3.94,3.6,0.02,-1.78,1.65,0.43,1968-12
196901,-1.25,-0.46,1.69,-1.54,1.41,0.53,1969-01
196902,-5.84,-4.12,0.9,2.17,0.8,0.46,1969-02
196903,2.64,-0.41,-0.46,-1.34,-0.42,0.46,1969-03
196904,1.46,-0.83,0.03,0.38,0.06,0.53,1969-04
196905,-0.1,-0.18,0.73,-0.97,1.49,0.48,1969-05
196906,-7.18,-5.49,-1.09,4.26,-1.55,0.51,1969-06
196907,-7,-3.37,1.42,1.4,1.97,0.53,1969-07
196908,4.68,0.71,-3.87,1.16,-4.08,0.5,1969-08
196909,-2.98,1.29,-3.19,3.42,-0.83,0.62,1969-09
196910,5.06,3.89,-3.19,0.01,-2.03,0.6,1969-10
196911,-3.79,-2.41,-1.12,1.44,0.32,0.52,1969-11
196912,-2.63,-3.7,-3.02,2.47,-2.04,0.64,1969-12
197001,-8.1,3.09,3.04,-1.77,3.92,0.6,1970-01
197002,5.13,-2.58,4.04,-2.28,3.06,0.62,1970-02
197003,-1.06,-2.4,4.25,-0.87,4.43,0.57,1970-03
197004,-11,-6.3,6.39,-0.64,5.88,0.5,1970-04
197005,-6.92,-4.42,3.6,-1.3,3.62,0.53,1970-05
197006,-5.79,-2.17,0.87,0.19,2.9,0.58,1970-06
197007,6.93,-0.69,0.96,-0.07,1.9,0.52,1970-07
197008,4.49,1.54,1.03,0.57,-0.15,0.53,1970-08
197009,4.18,8.49,-5.58,0.24,-5.93,0.54,1970-09
197010,-2.28,-4.5,0.27,1.83,2.38,0.46,1970-10
197011,4.59,-4,1.63,1.75,1.59,0.46,1970-11
197012,5.72,3.02,1.01,0.14,0.28,0.42,1970-12
197101,4.84,7.54,1.38,-2.19,-0.14,0.38,1971-01
197102,1.41,2.05,-1.29,0.65,-0.72,0.33,1971-02
197103,4.13,2.15,-4.04,1.97,-2.69,0.3,1971-03
197104,3.15,-0.37,0.72,-1.56,0.72,0.28,1971-04
197105,-3.98,-1.17,-1.38,1.46,0.3,0.29,1971-05
197106,-0.1,-1.45,-2.06,1.52,-1.74,0.37,1971-06
197107,-4.5,-1.41,0.17,0.48,1.62,0.4,1971-07
197108,3.79,-0.18,2.67,-0.34,2.6,0.47,1971-08
197109,-0.85,0.19,-2.96,2.59,-1.56,0.37,1971-09
197110,-4.42,-1.65,-0.43,1.48,-1.24,0.37,1971-10
197111,-0.46,-2.9,-1.7,2.45,-0.36,0.37,1971-11
197112,8.71,3.27,-0.35,-0.43,-1.83,0.37,1971-12
197201,2.49,6.33,1.99,-1.48,0.29,0.29,1972-01
197202,2.87,0.96,-2.76,1.65,-0.52,0.25,1972-02
197203,0.63,-0.49,-1.73,1.58,-0.19,0.27,1972-03
197204,0.29,0.15,0.23,-0.59,-0.89,0.29,1972-04
197205,1.25,-3.15,-2.69,2.33,-1.85,0.3,1972-05
197206,-2.43,-0.35,-2.51,1.75,-0.36,0.29,1972-06
197207,-0.8,-2.74,0.78,1.08,-0.59,0.31,1972-07
197208,3.26,-3.53,4.69,-2.02,2.95,0.29,1972-08
197209,-1.14,-2.25,0.47,1.67,-1.98,0.34,1972-09
197210,0.52,-2.53,1.37,-0.12,-0.05,0.4,1972-10
197211,4.6,-0.53,4.76,-1.98,3.35,0.37,1972-11
197212,0.62,-1.82,-2.27,2.6,-2.2,0.37,1972-12
197301,-3.29,-2.79,2.68,0.4,0.92,0.44,1973-01
197302,-4.85,-4.01,1.7,-0.34,-0.01,0.41,1973-02
197303,-1.3,-2.31,2.78,-1.07,0.73,0.46,1973-03
197304,-5.68,-3,5.69,-1.63,2.71,0.52,1973-04
197305,-2.94,-5.98,0.21,2.02,-1.79,0.51,1973-05
197306,-1.56,-2.54,1.44,-0.27,0.22,0.51,1973-06
197307,5.05,7.25,-5.31,-0.1,-3.45,0.64,1973-07
197308,-3.82,-1.75,1.14,-1.36,1.2,0.7,1973-08
197309,4.75,3.54,2.18,-2.3,1.82,0.68,1973-09
197310,-0.83,-0.26,1.74,-1.94,2.59,0.65,1973-10
197311,-12.75,-7.25,4.04,-2.71,1.49,0.56,1973-11
197312,0.61,-4.6,4.09,-2.8,2.3,0.64,1973-12
197401,-0.17,10.41,5.99,-3.01,4.47,0.63,1974-01
197402,-0.47,0.16,2.54,-1.93,2.67,0.58,1974-02
197403,-2.81,2.64,-0.11,2.82,0.36,0.56,1974-03
197404,-5.29,-0.63,1.06,2.86,1.85,0.75,1974-04
197405,-4.68,-3.17,-2.04,5.08,0,0.75,1974-05
197406,-2.83,-0.02,0.79,0.62,3.06,0.6,1974-06
197407,-8.05,1.99,5.14,-3.26,4.58,0.7,1974-07
197408,-9.35,0.3,2.5,-0.26,2.55,0.6,1974-08
197409,-11.77,1.46,5.49,-4.28,5.91,0.81,1974-09
197410,16.1,-6.85,-9.99,-0.03,-2.94,0.51,1974-10
197411,-4.51,-1.44,-0.16,-3.39,2.95,0.54,1974-11
197412,-3.45,-4.36,0,-0.65,3.23,0.7,1974-12
197501,13.66,12.79,8.44,-0.89,-0.86,0.58,1975-01
197502,5.56,-0.65,-4.56,1.15,-2.14,0.43,1975-02
197503,2.66,3.98,2.49,1.23,-1.25,0.41,1975-03
197504,4.23,-0.59,-1.11,1.37,-1.35,0.44,1975-04
197505,5.19,2.89,-4.02,-1.05,-0.61,0.44,1975-05
197506,4.83,1.32,1.32,-2.62,1.06,0.41,1975-06
197507,-6.59,3.42,1.7,0.43,1.19,0.48,1975-07
197508,-2.85,-2.79,-0.9,1.03,-0.89,0.48,1975-08
197509,-4.26,0.02,0.34,0.53,0.5,0.53,1975-09
197510,5.31,-4.23,0.3,-0.46,2.27,0.56,1975-10
197511,2.64,-1.07,1.99,-0.62,1.71,0.41,1975-11
197512,-1.6,-0.03,1.76,-0.12,0.6,0.48,1975-12
197601,12.16,6.35,8.58,-1.9,2.36,0.47,1976-01
197602,0.32,7.97,5.78,-2.58,3.84,0.34,1976-02
197603,2.32,-1.34,-0.04,-0.38,1.09,0.4,1976-03
197604,-1.49,0.14,-0.06,0.39,-1.1,0.42,1976-04
197605,-1.34,-1.12,-1.32,2.47,-1.42,0.37,1976-05
197606,4.05,-1.13,0.68,-0.59,0.93,0.43,1976-06
197607,-1.07,0.62,1.74,-1.09,0.29,0.47,1976-07
197608,-0.56,-2.03,0.79,-0.46,-0.59,0.42,1976-08
197609,2.07,0.12,-0.29,0.99,-1.14,0.44,1976-09
197610,-2.42,0.16,-0.13,-0.22,-0.31,0.41,1976-10
197611,0.36,2.65,1.51,-1.39,0.08,0.4,1976-11
197612,5.65,3.61,2.22,-0.62,2.23,0.4,1976-12
197701,-4.05,5.9,4.26,-0.53,1.93,0.36,1977-01
197702,-1.94,1.11,0.5,-0.13,-0.19,0.35,1977-02
197703,-1.37,1.29,1.02,-0.32,-0.09,0.38,1977-03
197704,0.15,0.59,3.45,-2.03,1.16,0.38,1977-04
197705,-1.45,1.28,0.84,0.33,0.11,0.37,1977-05
197706,4.71,2.07,-0.64,0.88,-1.22,0.4,1977-06
197707,-1.69,1.82,-0.59,0.83,0.01,0.42,1977-07
197708,-1.75,0.89,-2.79,0.96,-0.62,0.44,1977-08
197709,-0.27,1.56,-0.49,1.23,-0.84,0.43,1977-09
197710,-4.38,1.5,1.72,-0.3,-0.46,0.49,1977-10
197711,4,3.62,0.31,-0.05,0.65,0.5,1977-11
197712,0.27,1.6,-0.37,0.94,-0.65,0.49,1977-12
197801,-6.01,2.69,3.31,-1.67,1.53,0.49,1978-01
197802,-1.38,3.67,0.76,0.36,1.04,0.46,1978-02
197803,2.85,3.72,1.2,-0.6,1.88,0.53,1978-03
197804,7.88,-0.31,-3.54,2.82,-1.35,0.54,1978-04
197805,1.76,4.56,-0.62,0.27,0.36,0.51,1978-05
197806,-1.69,1.59,0.59,-1.44,-0.02,0.54,1978-06
197807,5.11,0.15,-1.11,1.58,-0.78,0.56,1978-07
197808,3.75,4.93,-0.46,1.39,0.42,0.56,1978-08
197809,-1.43,-0.28,1.87,-0.68,1.8,0.62,1978-09
197810,-11.91,-10.05,1.36,0.17,1.03,0.68,1978-10
197811,2.71,2.85,-2.22,1.09,-1.21,0.7,1978-11
197812,0.88,1.07,-2.19,1.96,-1.38,0.78,1978-12
197901,4.23,3.84,2.27,-2.5,1.57,0.77,1979-01
197902,-3.56,0.55,1.2,-1.14,1.04,0.73,1979-02
197903,5.68,3.16,-0.67,0.62,0.28,0.81,1979-03
197904,-0.06,2.4,1.05,1.05,0.21,0.8,1979-04
197905,-2.21,0.5,1.92,-0.88,-0.84,0.82,1979-05
197906,3.85,0.99,1.48,-1.61,-0.45,0.81,1979-06
197907,0.82,1.24,1.7,-0.2,0.59,0.77,1979-07
197908,5.53,1.97,-1.55,1.58,-1.45,0.77,1979-08
197909,-0.82,-0.27,-0.87,1.02,0.54,0.83,1979-09
197910,-8.1,-3.46,-1.86,1.04,0.24,0.87,1979-10
197911,5.21,2.44,-3.25,0.11,-2,0.99,1979-11
197912,1.79,4.34,-1.98,-0.67,-1.01,0.95,1979-12
198001,5.51,1.9,1.8,-1.67,2.01,0.8,1980-01
198002,-1.22,-1.49,0.62,0.11,3.04,0.89,1980-02
198003,-12.9,-6.97,-1.06,1.38,-1.34,1.21,1980-03
198004,3.97,1,1.06,-2.09,0.54,1.26,1980-04
198005,5.26,2.1,0.39,0.31,-0.47,0.81,1980-05
198006,3.06,1.47,-0.89,-0.09,-0.95,0.61,1980-06
198007,6.49,3.93,-6.3,3.94,-2.46,0.53,1980-07
198008,1.8,4.26,-2.64,2.1,-0.8,0.64,1980-08
198009,2.19,0.58,-4.79,2.03,-2.81,0.75,1980-09
198010,1.06,2.33,-2.74,1.67,-1.22,0.95,1980-10
198011,9.59,-3.4,-8.35,4.53,-5.74,0.96,1980-11
198012,-4.52,-0.31,2.68,-1.25,1.18,1.31,1980-12
198101,-5.04,3.37,6.84,-3.54,4.35,1.04,1981-01
198102,0.57,-0.49,0.97,0.19,2.25,1.07,1981-02
198103,3.56,3.08,0.67,-2.34,-0.53,1.21,1981-03
198104,-2.11,4.6,2.26,0.82,1.2,1.08,1981-04
198105,0.11,2.45,-0.43,0.33,-1.6,1.15,1981-05
198106,-2.36,-0.97,5.13,-1.35,2.68,1.35,1981-06
198107,-1.54,-1.97,-0.66,1.08,-3.04,1.24,1981-07
198108,-7.04,-1.81,4.84,-0.25,1.46,1.28,1981-08
198109,-7.17,-2.49,5.2,-0.02,2.79,1.24,1981-09
198110,4.92,2.24,-4.21,3.29,-2.76,1.21,1981-10
198111,3.36,-1.38,1.9,0.1,0.63,1.07,1981-11
198112,-3.65,1.19,0.74,0.19,2.41,0.87,1981-12
198201,-3.24,-1.18,3.17,-1.52,2.08,0.8,1982-01
198202,-5.86,0.37,6.1,-3.38,4.57,0.92,1982-02
198203,-1.87,0,3.78,-1.44,2.37,0.98,1982-03
198204,3.27,1.15,-2.78,1.51,-0.15,1.13,1982-04
198205,-3.99,0.56,1.81,0.91,-0.09,1.06,1982-05
198206,-3.09,-0.51,1.54,0.03,2.72,0.96,1982-06
198207,-3.19,0.95,0.15,1.03,1.54,1.05,1982-07
198208,11.14,-4.29,1.16,-1.96,0.18,0.76,1982-08
198209,1.29,2.57,0.34,2.12,-0.04,0.51,1982-09
198210,11.3,1.92,-3.68,0.3,-0.37,0.59,1982-10
198211,4.67,4.53,-1.96,-1.05,0.32,0.63,1982-11
198212,0.55,-0.01,0.01,-0.07,1.03,0.67,1982-12
198301,3.6,3.28,-0.86,-1.5,-0.46,0.69,1983-01
198302,2.59,2.9,0.67,-0.57,1.02,0.62,1983-02
198303,2.82,1.42,2.07,-0.07,2.81,0.63,1983-03
198304,6.67,0.49,0.6,-0.16,1.6,0.71,1983-04
198305,0.52,6.22,-1.4,-1.85,-1.53,0.69,1983-05
198306,3.07,1.15,-3.87,2.52,-0.89,0.67,1983-06
198307,-4.07,0.98,5.62,-0.03,2.84,0.74,1983-07
198308,-0.5,-4.34,5.55,0.45,1.95,0.76,1983-08
198309,0.91,0.25,1.09,1.21,0.59,0.76,1983-09
198310,-3.44,-3.82,5.06,-0.81,2.97,0.76,1983-10
198311,2.16,1.88,-0.62,-0.48,0.64,0.7,1983-11
198312,-1.78,-0.47,1.67,1.59,1.21,0.73,1983-12
198401,-1.92,-0.07,7.63,-0.93,3,0.76,1984-01
198402,-4.82,-1.62,3.36,0.82,1.57,0.71,1984-02
198403,0.63,-0.28,0.48,-0.93,1.09,0.73,1984-03
198404,-0.51,-1.01,1.29,3.27,0.76,0.81,1984-04
198405,-5.97,0.08,0.26,2.32,-0.5,0.78,1984-05
198406,1.82,0.07,-2.6,3.08,-1.51,0.75,1984-06
198407,-2.74,-2.22,0.49,3.69,-2.17,0.82,1984-07
198408,10.28,-0.3,-1.85,-0.89,-0.81,0.83,1984-08
198409,-0.8,0,5.32,1.4,2.53,0.86,1984-09
198410,-0.84,-1.43,0.51,1.17,-1.16,1,1984-10
198411,-1.76,-0.98,4.08,0.81,2.08,0.73,1984-11
198412,1.84,-0.69,-0.17,1.21,-1.26,0.64,1984-12
198501,7.99,3.49,-5.43,-0.83,-3.36,0.65,1985-01
198502,1.22,1,-0.12,1.26,1.03,0.58,1985-02
198503,-0.84,-1.48,4.1,1.18,2.94,0.62,1985-03
198504,-0.96,-0.1,3.73,1.59,0.71,0.72,1985-04
198505,5.09,-2.33,-0.86,1.3,-1.39,0.66,1985-05
198506,1.27,0.48,0.7,1.5,-0.59,0.55,1985-06
198507,-0.74,2.89,-1.63,-0.45,-0.31,0.62,1985-07
198508,-1.02,-0.32,2.28,-0.04,1.88,0.55,1985-08
198509,-4.54,-1.81,1.32,1.16,1.61,0.6,1985-09
198510,4.02,-1.55,0.78,0.92,-1.11,0.65,1985-10
198511,6.48,0,-2.87,0.29,-2.33,0.61,1985-11
198512,3.88,-0.39,-1.53,0.97,-1.8,0.65,1985-12
198601,0.65,1.01,0.53,-2.02,-2.05,0.56,1986-01
198602,7.13,-0.76,-0.94,1.15,-1.39,0.53,1986-02
198603,4.88,-0.57,-0.44,1.12,0.99,0.6,1986-03
198604,-1.31,2.92,-2.85,2.91,0.02,0.52,1986-04
198605,4.62,-1.26,-0.11,2.08,1.11,0.49,1986-05
198606,1.03,-0.87,1.4,1.83,0.87,0.52,1986-06
198607,-6.45,-3.54,4.78,-0.57,0.61,0.52,1986-07
198608,6.07,-4.36,3.52,-1.74,3.24,0.46,1986-08
198609,-8.6,1.97,3.19,-0.05,3.62,0.45,1986-09
198610,4.66,-2.33,-1.32,0.13,0.89,0.46,1986-10
198611,1.17,-1.88,-0.06,1.12,0.61,0.39,1986-11
198612,-3.27,0.07,0.37,0.83,-0.03,0.49,1986-12
198701,12.47,-1.51,-3.18,0.2,-1.09,0.42,1987-01
198702,4.39,3.41,-5.99,-0.9,-2.76,0.43,1987-02
198703,1.64,0.21,1.66,1.36,4.03,0.47,1987-03
198704,-2.11,-1.55,-0.33,-0.46,1.22,0.44,1987-04
198705,0.11,-0.59,0.13,0.52,1.32,0.38,1987-05
198706,3.94,-2.29,1.07,1.73,0.83,0.48,1987-06
198707,3.85,-1.11,0.66,-0.5,1.56,0.46,1987-07
198708,3.52,-0.9,-0.9,2.03,-1.59,0.47,1987-08
198709,-2.59,0.37,0.28,-0.9,1.89,0.45,1987-09
198710,-23.24,-8.09,4.23,2.01,2.39,0.6,1987-10
198711,-7.77,2.83,3.14,-1.92,0.71,0.35,1987-11
198712,6.81,0.09,-4.49,3.01,-2.36,0.39,1987-12
198801,4.21,-0.54,5.08,-1.12,2.09,0.29,1988-01
198802,4.75,3.32,-1.65,1.56,-0.11,0.46,1988-02
198803,-2.27,6.26,0.74,-0.16,1.91,0.44,1988-03
198804,0.56,1.12,1.69,-0.23,1.9,0.46,1988-04
198805,-0.29,-2.59,2.3,-0.7,0.38,0.51,1988-05
198806,4.79,2.19,-1.07,1.42,-3.25,0.49,1988-06
198807,-1.25,-0.17,2.27,-0.59,1.45,0.51,1988-07
198808,-3.31,-0.02,2.03,-0.76,1.74,0.59,1988-08
198809,3.3,-1.31,-0.68,1.72,-0.48,0.62,1988-09
198810,1.15,-2.95,1.71,1.4,1.04,0.61,1988-10
198811,-2.29,-1.66,1.24,-0.31,1.6,0.57,1988-11
198812,1.49,2.01,-1.55,0.64,-0.37,0.63,1988-12
198901,6.1,-2.23,0.51,-1.03,0.16,0.55,1989-01
198902,-2.25,2.67,0.87,-0.82,1.89,0.61,1989-02
198903,1.57,0.76,0.46,0.01,0.79,0.67,1989-03
198904,4.33,-0.7,-1.45,0.76,-0.54,0.67,1989-04
198905,3.35,-0.01,-0.82,0.49,-0.04,0.79,1989-05
198906,-1.35,-1.08,2.19,0.24,1.52,0.71,1989-06
198907,7.2,-4.04,-2.84,1.99,-0.62,0.7,1989-07
198908,1.44,0.43,0.72,0.41,-0.5,0.74,1989-08
198909,-0.76,0.46,-1.34,1.4,0.59,0.65,1989-09
198910,-3.67,-3.33,-1.03,0,0.02,0.68,1989-10
198911,1.03,-1.3,-1.12,-0.91,1.47,0.69,1989-11
198912,1.16,-2.3,0.28,-0.1,1.45,0.61,1989-12
199001,-7.85,-1.33,0.87,-1.13,1.32,0.57,1990-01
199002,1.11,1.18,0.61,-0.19,-0.64,0.57,1990-02
199003,1.83,1.64,-2.9,2.15,-1.02,0.64,1990-03
199004,-3.36,-0.4,-2.55,1.72,-0.98,0.69,1990-04
199005,8.42,-2.4,-3.74,1.65,-1.57,0.68,1990-05
199006,-1.09,1.38,-1.94,-1,-0.34,0.63,1990-06
199007,-1.9,-3.27,-0.01,-0.27,3.1,0.68,1990-07
199008,-10.15,-3.85,1.58,-0.43,2.99,0.66,1990-08
199009,-6.12,-3.78,0.73,-0.16,3.71,0.6,1990-09
199010,-1.92,-5.07,0.22,2.87,-0.49,0.68,1990-10
199011,6.35,-0.06,-3.16,0.82,-4.75,0.57,1990-11
199012,2.46,0.61,-1.54,2.86,-2,0.6,1990-12
199101,4.69,3.86,-1.84,1.55,-4.08,0.52,1991-01
199102,7.19,3.96,-0.54,-0.27,-0.16,0.48,1991-02
199103,2.65,3.82,-1.23,-0.39,-0.99,0.44,1991-03
199104,-0.28,0.33,1.42,0.53,0.71,0.53,1991-04
199105,3.65,0.17,-0.57,2.11,-2.45,0.47,1991-05
199106,-4.94,0.17,1.21,1.75,0.63,0.42,1991-06
199107,4.24,-0.96,-1.25,1.61,-1.41,0.49,1991-07
199108,2.32,1.44,-0.78,0.88,-0.55,0.46,1991-08
199109,-1.59,1.55,-1,-1.81,0.16,0.46,1991-09
199110,1.29,0.95,-0.43,-1.73,-0.29,0.42,1991-10
199111,-4.19,-0.87,-1.93,1.08,0.12,0.39,1991-11
199112,10.84,-2.42,-4.03,3.58,-3.12,0.38,1991-12
199201,-0.59,9.26,4.51,-1.33,3.15,0.34,1992-01
199202,1.09,1.35,6.37,0.09,2.04,0.28,1992-02
199203,-2.66,-0.9,3.65,-0.08,1.93,0.34,1992-03
199204,1.07,-5.73,4.31,1.71,2.22,0.32,1992-04
199205,0.3,0.21,1.28,-0.96,0.43,0.28,1992-05
199206,-2.34,-2.71,3.4,-0.03,1.07,0.32,1992-06
199207,3.77,-0.61,-0.53,1.57,-0.72,0.31,1992-07
199208,-2.38,-0.42,-1.03,3.79,-1.62,0.26,1992-08
199209,1.19,0.48,-0.21,1.53,-0.5,0.26,1992-09
199210,1.02,2.02,-2.1,1.31,-0.8,0.23,1992-10
199211,4.13,3.91,-1.48,-0.84,-1.91,0.23,1992-11
199212,1.53,1.64,2.52,-0.44,0.75,0.28,1992-12
199301,0.93,2.09,5.87,-1.77,2.78,0.23,1993-01
199302,0.12,-3.42,6.42,-0.5,4.05,0.22,1993-02
199303,2.3,0.05,1.22,-0.29,0.92,0.25,1993-03
199304,-3.05,-0.86,2.61,-3.69,1.52,0.24,1993-04
199305,2.89,1.88,-3.41,-0.01,-1.18,0.22,1993-05
199306,0.31,0.11,2.62,-1.06,1.09,0.25,1993-06
199307,-0.34,0.9,3.25,-2.18,2.03,0.24,1993-07
199308,3.71,0.25,-0.45,-1.15,-0.04,0.25,1993-08
199309,-0.12,3.06,-0.44,0.77,-0.08,0.26,1993-09
199310,1.41,1.61,-1.54,-0.1,0.6,0.22,1993-10
199311,-1.89,-1.43,-0.27,1.55,-0.95,0.25,1993-11
199312,1.65,1.36,0.57,0.7,-0.32,0.23,1993-12
199401,2.87,-0.14,2.09,-2.29,1.44,0.25,1994-01
199402,-2.55,2.65,-1.45,2.45,-1.03,0.21,1994-02
199403,-4.78,-1.02,1.29,0.77,1.27,0.27,1994-03
199404,0.68,-1.05,1.68,1.01,1.12,0.27,1994-04
199405,0.58,-2.46,0.2,0.9,0.7,0.31,1994-05
199406,-3.03,-0.52,1.69,1.16,1.53,0.31,1994-06
199407,2.82,-1.83,0.62,-0.89,0.11,0.28,1994-07
199408,4.01,1.29,-2.81,0.87,-1.45,0.37,1994-08
199409,-2.31,2.67,-1.91,0.6,0.93,0.37,1994-09
199410,1.34,-2.3,-1.74,0.58,-0.62,0.38,1994-10
199411,-4.04,0.11,-0.94,0.81,-0.44,0.37,1994-11
199412,0.86,-0.02,0.54,0.42,0.31,0.44,1994-12
199501,1.8,-2.76,0.81,0.61,-0.83,0.42,1995-01
199502,3.63,-0.55,1.09,0.58,-0.33,0.4,1995-02
199503,2.19,-0.72,-1.1,-0.33,0.16,0.46,1995-03
199504,2.11,-0.34,2.27,0.05,1,0.44,1995-04
199505,2.9,-2.06,1.72,0.46,0.09,0.54,1995-05
199506,2.72,2.95,-2.28,-0.48,-2.44,0.47,1995-06
199507,3.72,2.1,-1.67,0.45,-1.7,0.45,1995-07
199508,0.55,1.83,2.71,-1.36,1.64,0.47,1995-08
199509,3.35,-1.88,-0.75,1.33,0.36,0.43,1995-09
199510,-1.52,-4.05,-0.74,2.14,-0.03,0.47,1995-10
199511,3.96,-1.17,0.95,-0.83,1.19,0.42,1995-11
199512,1.03,0.67,0.87,-1.33,2.99,0.49,1995-12
199601,2.26,-2.59,0.3,-0.64,2.28,0.43,1996-01
199602,1.33,1.82,-1.42,0.4,-1.8,0.39,1996-02
199603,0.73,1.54,1.01,1.3,-0.97,0.39,1996-03
199604,2.06,4.64,-3.91,0.18,-2.2,0.46,1996-04
199605,2.36,3.17,-1.2,0.42,-0.22,0.42,1996-05
199606,-1.14,-3.47,1.56,3.46,1.09,0.4,1996-06
199607,-5.97,-3.68,4.45,2.83,2.6,0.45,1996-07
199608,2.77,2.55,-0.46,-0.29,-2.42,0.41,1996-08
199609,5.01,-1.33,-3.15,1.51,-2.18,0.44,1996-09
199610,0.86,-3.88,5.12,1.32,2.98,0.42,1996-10
199611,6.25,-3.79,1.16,1.99,-0.73,0.41,1996-11
199612,-1.7,3.21,0.89,0.56,1.51,0.46,1996-12
199701,4.98,-1.82,-1.65,1.3,-0.28,0.45,1997-01
199702,-0.49,-2.53,5.2,0.69,3.41,0.39,1997-02
199703,-5.02,-0.48,3.81,0.36,1.67,0.43,1997-03
199704,4.04,-5.73,-0.07,3.26,-0.89,0.43,1997-04
199705,6.74,4.65,-3.87,-0.97,-2.91,0.49,1997-05
199706,4.1,1.26,1.23,1.01,0.54,0.37,1997-06
199707,7.33,-2.84,0.82,-0.24,-2.56,0.43,1997-07
199708,-4.15,7.66,1.38,-0.93,-0.02,0.41,1997-08
199709,5.35,2.56,0.01,-1.39,-0.92,0.44,1997-09
199710,-3.8,-0.51,1.95,1.09,1.87,0.42,1997-10
199711,2.98,-5.03,0.79,3.07,1.66,0.39,1997-11
199712,1.32,-2.01,3.45,1.19,1.92,0.48,1997-12
199801,0.15,-1.41,-1.45,0.46,-0.85,0.43,1998-01
199802,7.04,-0.02,-0.13,-0.86,-2.4,0.39,1998-02
199803,4.76,-0.65,1.05,-1.02,-0.47,0.39,1998-03
199804,0.73,-0.02,0.74,-2.13,-0.23,0.43,1998-04
199805,-3.07,-3.11,4.16,0.96,2.54,0.4,1998-05
199806,3.18,-3.68,-2.33,-0.52,-2.93,0.41,1998-06
199807,-2.46,-5.32,-0.96,1.82,0.45,0.4,1998-07
199808,-16.08,-5.02,3.4,3.47,5.85,0.43,1998-08
199809,6.15,-0.84,-3.31,-1.51,-2.91,0.46,1998-09
199810,7.13,-3.51,-2.21,0.59,0.28,0.32,1998-10
199811,6.1,0.64,-3.15,-1.24,-1.15,0.31,1998-11
199812,6.16,-1.51,-4.46,-0.75,-3.33,0.38,1998-12
199901,3.5,-0.75,-4.03,-2.69,-6.86,0.35,1999-01
199902,-4.08,-5.15,1.4,-1.71,4.09,0.35,1999-02
199903,3.45,-4.29,-2.65,-4.2,-1.39,0.43,1999-03
199904,4.33,4.66,2.53,-2.42,0.92,0.37,1999-04
199905,-2.46,3.73,2.4,1.09,3.36,0.34,1999-05
199906,4.77,2.25,-3.6,1.32,-3.37,0.4,1999-06
199907,-3.49,2.53,-0.76,0.48,3.11,0.38,1999-07
199908,-1.38,-1.93,-1.31,-0.29,0.31,0.39,1999-08
199909,-2.79,2.56,-3.4,-0.74,-1.06,0.39,1999-09
199910,6.12,-7.09,-2.88,-1.71,-1.25,0.39,1999-10
199911,3.37,5.9,-6.51,-3.85,-1.58,0.36,1999-11
199912,7.72,5.42,-8.74,-7.91,-5.29,0.44,1999-12
200001,-4.74,4.15,-0.29,-6.05,4.73,0.41,2000-01
200002,2.45,18.32,-9.93,-18.33,-0.51,0.43,2000-02
200003,5.2,-14.91,7.38,11.68,-1.05,0.47,2000-03
200004,-6.4,-5.55,8.61,7.55,5.27,0.46,2000-04
200005,-4.42,-3.68,2.56,4.63,0.74,0.5,2000-05
200006,4.64,10.39,-9.86,-6.83,-3.07,0.4,2000-06
200007,-2.51,-0.95,8.06,6,2.99,0.48,2000-07
200008,7.03,-1.1,-0.66,-3.07,0.61,0.5,2000-08
200009,-5.45,0.23,6.13,3.08,6.43,0.51,2000-09
200010,-2.76,-2.83,5.64,9.66,4.68,0.56,2000-10
200011,-10.72,-0.46,11.26,13.33,8.51,0.51,2000-11
200012,1.19,3.17,7.37,1.85,5.67,0.5,2000-12
200101,3.13,5.8,-4.86,-4.44,-6.55,0.54,2001-01
200102,-10.05,2.67,12.87,9,9.56,0.38,2001-02
200103,-7.26,2.32,6.46,3.41,3.93,0.42,2001-03
200104,7.94,-0.63,-4.72,-2.72,-3.95,0.39,2001-04
200105,0.72,3.58,3.18,0.18,2.18,0.32,2001-05
200106,-1.94,6.61,-1.03,2.03,-1.8,0.28,2001-06
200107,-2.13,-2.91,5.57,7.16,3.01,0.3,2001-07
200108,-6.46,2.73,2.51,3.95,6.5,0.31,2001-08
200109,-9.25,-5.69,1.6,4.96,3.27,0.28,2001-09
200110,2.46,5.42,-8.1,-2.66,-4.64,0.22,2001-10
200111,7.54,-0.3,2.01,-3.76,-1.66,0.17,2001-11
200112,1.61,5.14,1.1,0.3,-0.29,0.15,2001-12
200201,-1.44,1.19,3.33,4.35,2.84,0.14,2002-01
200202,-2.29,-0.46,2.5,7.62,5.12,0.13,2002-02
200203,4.24,4.28,1.1,-1.36,0.61,0.13,2002-03
200204,-5.2,6.66,3.92,4.57,5.41,0.15,2002-04
200205,-1.38,-3.07,1.68,2.27,2.42,0.14,2002-05
200206,-7.21,3.78,0.12,3.62,2.51,0.13,2002-06
200207,-8.18,-6.24,-3.44,4.19,-0.72,0.15,2002-07
200208,0.5,-1.27,2.52,1.15,-1.61,0.14,2002-08
200209,-10.35,3.07,1.32,3.24,-2.28,0.14,2002-09
200210,7.84,-4.12,-5.45,-3.28,0.92,0.14,2002-10
200211,5.96,2.9,-1.12,-9.13,5.12,0.12,2002-11
200212,-5.76,0.5,2.23,6.04,-1.59,0.11,2002-12
200301,-2.57,0.81,-0.93,-0.63,0.81,0.1,2003-01
200302,-1.88,-0.89,-1.45,1.04,-0.55,0.09,2003-02
200303,1.09,0.55,-2.08,1.8,-0.69,0.1,2003-03
200304,8.22,1.06,1.03,-4.57,1.14,0.1,2003-04
200305,6.05,4.83,-0.29,-6.92,3.22,0.09,2003-05
200306,1.42,1.68,0.68,0.55,-0.33,0.1,2003-06
200307,2.35,4.73,-1.13,-4.17,1.87,0.07,2003-07
200308,2.34,2.54,2.03,-2.46,2.2,0.07,2003-08
200309,-1.24,0.52,0.01,1.34,0.31,0.08,2003-09
200310,6.08,2.64,1.77,-1.59,1.55,0.07,2003-10
200311,1.35,2.21,1.85,0.08,1.67,0.07,2003-11
200312,4.29,-2.69,2.41,0,0.97,0.08,2003-12
200401,2.15,2.54,1.97,-3.53,3.4,0.07,2004-01
200402,1.4,-0.91,0.5,2.28,-1.34,0.06,2004-02
200403,-1.32,2.11,0.22,1.5,-1.04,0.09,2004-03
200404,-1.83,-2.19,-2.62,3.31,-2.8,0.08,2004-04
200405,1.17,-0.4,-0.39,-0.97,-0.08,0.06,2004-05
200406,1.86,2.57,1.39,1.12,-0.41,0.08,2004-06
200407,-4.06,-3.02,4.12,5.08,-1.62,0.1,2004-07
200408,0.08,-1.27,1.02,1.3,-1.43,0.11,2004-08
200409,1.6,3.29,-0.25,-1.34,-1.89,0.11,2004-09
200410,1.43,0.29,-0.62,-0.07,0.4,0.11,2004-10
200411,4.54,4.13,1.8,-1.06,-0.22,0.15,2004-11
200412,3.43,0.01,-0.07,-1.26,0.51,0.16,2004-12
200501,-2.76,-1.11,1.96,3.05,-1.37,0.16,2005-01
200502,1.89,-0.3,1.64,1.2,-0.06,0.16,2005-02
200503,-1.97,-1.4,1.59,0.47,1.11,0.21,2005-03
200504,-2.61,-4.02,-0.35,0.96,-0.9,0.21,2005-04
200505,3.65,2.72,-0.81,-1.31,0.28,0.24,2005-05
200506,0.57,3.26,2.63,0.98,-0.53,0.23,2005-06
200507,3.92,2.83,-0.51,-1.19,-0.98,0.24,2005-07
200508,-1.22,-0.86,1.27,-2.23,0.45,0.3,2005-08
200509,0.49,-0.31,0.76,0.49,-0.56,0.29,2005-09
200510,-2.02,-1.41,0.23,-0.58,-1.26,0.27,2005-10
200511,3.61,0.8,-1.19,-0.6,-1.19,0.31,2005-11
200512,-0.25,-0.27,0.44,0.12,0.24,0.32,2005-12
200601,3.04,5.77,1.12,-0.94,-0.54,0.35,2006-01
200602,-0.3,-0.45,-0.25,-0.7,2,0.34,2006-02
200603,1.46,3.45,0.6,-0.04,-0.5,0.37,2006-03
200604,0.73,-0.83,2.6,1.15,-0.25,0.36,2006-04
200605,-3.57,-2.99,2.55,0.96,1.34,0.43,2006-05
200606,-0.35,-0.23,0.88,1.38,-0.11,0.4,2006-06
200607,-0.78,-3.69,2.94,1.54,0.93,0.4,2006-07
200608,2.03,0.44,-1.71,-1.74,2.15,0.42,2006-08
200609,1.84,-1.43,0.05,0.88,0.53,0.41,2006-09
200610,3.23,1.93,-0.04,-0.22,0.26,0.41,2006-10
200611,1.71,0.81,0.07,0.09,-0.88,0.42,2006-11
200612,0.87,-0.8,3.15,-0.8,2.05,0.4,2006-12
200701,1.4,0.08,-0.11,0.22,0.24,0.44,2007-01
200702,-1.96,1.4,-0.09,-0.47,-0.74,0.38,2007-02
200703,0.68,0.07,-0.22,0.25,-0.59,0.43,2007-03
200704,3.49,-2.02,-1.15,1.02,1.01,0.44,2007-04
200705,3.24,0.28,-0.04,1.13,-1.29,0.41,2007-05
200706,-1.96,0.76,-1.12,0.53,0.07,0.4,2007-06
200707,-3.73,-2.87,-3.33,0.57,-1.04,0.4,2007-07
200708,0.92,-0.34,-2.24,-0.91,-0.56,0.42,2007-08
200709,3.22,-2.41,-1.86,-0.58,-3.17,0.32,2007-09
200710,1.8,0.03,-2.6,-0.31,-0.1,0.32,2007-10
200711,-4.83,-2.81,-1.18,1.88,-0.34,0.34,2007-11
200712,-0.87,0.18,-0.51,0.7,-1.09,0.27,2007-12
200801,-6.36,-0.52,3.65,1.98,2.2,0.21,2008-01
200802,-3.09,-0.53,-0.94,0.76,-1.06,0.13,2008-02
200803,-0.93,0.75,-0.14,1.09,0.47,0.17,2008-03
200804,4.6,-1.15,-0.95,1.28,-2.54,0.18,2008-04
200805,1.86,3.22,-1.38,0.81,0.04,0.18,2008-05
200806,-8.44,1.15,-2.42,4.3,-0.42,0.17,2008-06
200807,-0.77,3.66,5.88,-0.98,1.06,0.15,2008-07
200808,1.53,3.42,1.52,1.85,0.81,0.13,2008-08
200809,-9.24,0.35,6.33,2.95,1.77,0.15,2008-09
200810,-17.23,-3.2,-2.89,3.6,1.91,0.08,2008-10
200811,-7.86,-3.88,-6.02,4.83,2.72,0.03,2008-11
200812,1.74,3.37,-0.25,-0.08,-1.4,0,2008-12
200901,-8.12,-2.01,-11.18,0.23,-1.15,0,2009-01
200902,-10.1,-1.17,-7.27,1.71,-1.12,0.01,2009-02
200903,8.95,0.67,3.56,-2.33,-2.22,0.02,2009-03
200904,10.19,6.71,5.53,0.28,0.14,0.01,2009-04
200905,5.21,-2.33,-0.23,-0.98,-2.16,0,2009-05
200906,0.43,2.32,-2.72,-1.06,-0.17,0.01,2009-06
200907,7.72,2.44,5.28,-0.66,3.2,0.01,2009-07
200908,3.33,-0.05,7.75,-3.02,3.18,0.01,2009-08
200909,4.08,2.74,0.93,1.36,0.38,0.01,2009-09
200910,-2.59,-4.78,-4.18,4.18,-1.66,0,2009-10
200911,5.56,-2.8,-0.17,0.81,0.13,0,2009-11
200912,2.75,6.22,0,0.48,-0.07,0.01,2009-12
201001,-3.36,0.29,0.3,-1.39,0.46,0,2010-01
201002,3.4,1.46,3.16,-0.33,1.4,0,2010-02
201003,6.31,1.79,2.11,-0.56,1.7,0.01,2010-03
201004,2,5.04,2.81,1.1,1.69,0.01,2010-04
201005,-7.89,0.06,-2.38,1.37,-0.22,0.01,2010-05
201006,-5.56,-2.49,-4.5,-0.21,-1.51,0.01,2010-06
201007,6.93,0.09,-0.26,0.24,2.02,0.01,2010-07
201008,-4.77,-3.1,-1.95,0.72,-1.69,0.01,2010-08
201009,9.54,3.72,-3.13,-0.21,0.47,0.01,2010-09
201010,3.88,0.78,-2.6,1.3,-0.23,0.01,2010-10
201011,0.6,3.6,-0.9,0.24,1.64,0.01,2010-11
201012,6.82,0.95,3.82,-3.65,3.22,0.01,2010-12
201101,1.99,-2.42,0.82,-0.89,0.69,0.01,2011-01
201102,3.49,1.64,1.1,-1.93,0.95,0.01,2011-02
201103,0.45,2.67,-1.58,1.64,-0.03,0.01,2011-03
201104,2.9,-0.51,-2.52,1.09,-0.84,0,2011-04
201105,-1.27,-0.69,-2.08,2.02,-1.5,0,2011-05
201106,-1.75,0.11,-0.32,2.38,-1.45,0,2011-06
201107,-2.36,-1.34,-1.21,2.43,-1.76,0,2011-07
201108,-5.99,-3.2,-2.48,3.2,-0.24,0.01,2011-08
201109,-7.59,-3.78,-1.41,1.85,0.28,0,2011-09
201110,11.35,3.57,-0.18,-1.87,-0.88,0,2011-10
201111,-0.28,-0.26,-0.34,1.79,1.53,0,2011-11
201112,0.74,-0.44,1.77,0.8,2.4,0,2011-12
201201,5.05,2.16,-1.13,-1.81,-1.4,0,2012-01
201202,4.42,-1.63,0.08,-0.19,-0.1,0,2012-02
201203,3.11,-0.45,0.92,-0.33,0.82,0,2012-03
201204,-0.85,-0.59,-0.48,1.12,0.67,0,2012-04
201205,-6.19,-0.09,-0.59,2.28,2.39,0.01,2012-05
201206,3.89,0.95,0.44,-1.24,0.34,0,2012-06
201207,0.79,-2.68,-0.27,1.11,0.13,0,2012-07
201208,2.55,0.44,1.31,-1.26,-0.73,0.01,2012-08
201209,2.73,0.66,1.53,-1.38,1.59,0.01,2012-09
201210,-1.76,-0.81,3.79,-1.39,2.28,0.01,2012-10
201211,0.78,0.36,-0.97,0.68,0.91,0.01,2012-11
201212,1.18,1.87,3.58,-1.98,0.86,0.01,2012-12
201301,5.57,0.56,0.95,-1.64,1.47,0,2013-01
201302,1.29,-0.38,0.03,-0.69,0.48,0,2013-02
201303,4.03,0.83,-0.3,0.17,1.31,0,2013-03
201304,1.55,-2.3,0.62,0.07,0.47,0,2013-04
201305,2.8,2.06,2.6,-1.66,-0.78,0,2013-05
201306,-1.2,1.35,-0.17,-0.44,-0.01,0,2013-06
201307,5.65,1.8,0.56,-1.46,0.56,0,2013-07
201308,-2.71,-0.01,-2.78,0.62,-2.16,0,2013-08
201309,3.77,2.67,-1.19,-0.73,-1.32,0,2013-09
201310,4.18,-1.53,1.14,2.7,0.87,0,2013-10
201311,3.12,1.33,0.24,0.14,0.05,0,2013-11
201312,2.81,-0.53,-0.31,-0.52,0.07,0,2013-12
201401,-3.32,0.57,-2.09,-3.99,-1.4,0,2014-01
201402,4.65,0.15,-0.4,-0.26,-0.41,0,2014-02
201403,0.43,-1.17,5.09,2.16,1.9,0,2014-03
201404,-0.19,-4.15,1.14,3.48,1.07,0,2014-04
201405,2.06,-1.89,-0.27,0.1,-1.08,0,2014-05
201406,2.61,3.1,-0.74,-1.97,-1.91,0,2014-06
201407,-2.04,-4.25,0.01,0.94,0.47,0,2014-07
201408,4.24,0.29,-0.59,-0.63,-0.7,0,2014-08
201409,-1.97,-3.79,-1.23,1.13,-0.51,0,2014-09
201410,2.52,3.78,-1.7,-0.47,-0.17,0,2014-10
201411,2.55,-2.31,-3,1.4,0.18,0,2014-11
201412,-0.06,2.88,2.06,-1.16,0.88,0,2014-12
201501,-3.11,-0.87,-3.48,1.67,-1.67,0,2015-01
201502,6.13,0.21,-1.81,-1.07,-1.75,0,2015-02
201503,-1.12,3.04,-0.46,0.1,-0.51,0,2015-03
201504,0.59,-3.03,1.85,-0.15,-0.49,0,2015-04
201505,1.36,0.77,-1.37,-1.72,-0.74,0,2015-05
201506,-1.53,2.86,-0.79,0.5,-1.47,0,2015-06
201507,1.54,-4.55,-4.12,0.04,-2.56,0,2015-07
201508,-6.04,0.4,2.66,0.76,1.25,0,2015-08
201509,-3.08,-2.78,0.53,1.81,-0.51,0,2015-09
201510,7.75,-2.16,-0.07,0.82,0.43,0,2015-10
201511,0.56,3.35,-0.51,-2.57,-1.1,0,2015-11
201512,-2.17,-2.99,-2.59,0.31,0.13,0.01,2015-12
201601,-5.77,-3.42,2.08,2.6,3.02,0.01,2016-01
201602,-0.07,0.95,-0.5,3.28,2.05,0.02,2016-02
201603,6.96,1.09,1.16,0.81,-0.02,0.02,2016-03
201604,0.92,1.17,3.26,-2.88,1.97,0.01,2016-04
201605,1.78,-0.71,-1.81,-1.01,-2.55,0.01,2016-05
201606,-0.05,0.49,-1.47,1.19,1.92,0.02,2016-06
201607,3.95,2.64,-1.11,1.33,-1.24,0.02,2016-07
201608,0.5,1.72,3.34,-1.33,-0.39,0.02,2016-08
201609,0.25,1.74,-1.49,-2.29,-0.08,0.02,2016-09
201610,-2.02,-4.01,4.16,1.19,0.24,0.02,2016-10
201611,4.86,6.81,8.29,-0.1,3.7,0.01,2016-11
201612,1.82,0.41,3.58,0.99,-0.3,0.03,2016-12
201701,1.94,-1.28,-2.78,-0.01,-0.95,0.04,2017-01
201702,3.57,-2.13,-1.79,0.78,-1.72,0.04,2017-02
201703,0.17,0.78,-3.17,0.68,-1,0.03,2017-03
201704,1.09,0.49,-1.87,2,-1.55,0.05,2017-04
201705,1.06,-3.05,-3.78,1.21,-1.88,0.06,2017-05
201706,0.78,2.48,1.35,-2.01,-0.07,0.06,2017-06
201707,1.87,-1.59,-0.29,-0.71,-0.15,0.07,2017-07
201708,0.16,-1.85,-2.24,0.28,-2.42,0.09,2017-08
201709,2.51,4.84,3.03,-1.18,1.63,0.09,2017-09
201710,2.25,-1.97,-0.05,1.04,-3.33,0.09,2017-10
201711,3.12,-0.43,-0.04,3.12,0,0.08,2017-11
201712,1.06,-1.04,0.14,0.65,1.65,0.09,2017-12
201801,5.58,-3.15,-1.37,-0.5,-0.89,0.11,2018-01
201802,-3.65,0.32,-1.19,0.52,-2.25,0.11,2018-02
201803,-2.35,3.54,-0.12,-0.51,0,0.12,2018-03
201804,0.29,0.97,0.54,-2.09,1.18,0.14,2018-04
201805,2.65,4.72,-3.16,-1.95,-1.42,0.14,2018-05
201806,0.48,0.86,-2.38,0.71,0.33,0.14,2018-06
201807,3.19,-1.93,0.4,1.63,0.44,0.16,2018-07
201808,3.44,0.65,-4.08,-0.28,-2.5,0.16,2018-08
201809,0.06,-2.52,-1.3,0.59,1.24,0.15,2018-09
201810,-7.68,-4.51,3.44,0.87,3.45,0.19,2018-10
201811,1.69,-0.82,0.25,-0.6,0.32,0.18,2018-11
201812,-9.55,-3.05,-1.47,-0.13,0.16,0.19,2018-12
201901,8.41,3.09,-0.62,-0.69,-1.36,0.21,2019-01
201902,3.4,1.78,-2.84,0.24,-1.47,0.18,2019-02
201903,1.1,-3.54,-4.07,0.93,-1.02,0.19,2019-03
201904,3.96,-1.13,1.93,1.75,-2.17,0.21,2019-04
201905,-6.94,-1.47,-2.39,-0.35,1.78,0.21,2019-05
201906,6.93,0.37,-1.08,0.94,-0.38,0.18,2019-06
201907,1.19,-1.91,0.14,-0.08,0.36,0.19,2019-07
201908,-2.58,-3.3,-4.99,0.36,-0.96,0.16,2019-08
201909,1.44,0.32,6.71,1.97,3.55,0.18,2019-09
201910,2.06,0.21,-2.07,0.43,-0.96,0.15,2019-10
201911,3.87,0.49,-1.88,-1.54,-1.27,0.12,2019-11